building_id,xml_filename,should_run_simulation,OccupancyClassification,FloorArea(ft2),YearBuilt,template,SiteEUI(kBtu/ft2),SourceEUI(kBtu/ft2),ElectricityEUI(kBtu/ft2),GasEUI(kBtu/ft2),YearEUI
6546,6546.xml,1,Retail,5500,1922,CBES Pre-1978,,,,,
6550,6550.xml,1,Retail,5755,1930,CBES Pre-1978,,,,,
6640,6640.xml,1,Retail,4841,2015,CBES T24 2008,,,,,
6648,6648.xml,1,Office,15975,2015,CBES T24 2008,,,,,
6661,6661.xml,1,Retail,4554,1967,CBES Pre-1978,157,292,60.83732057,96.16267943,2015
6688,6688.xml,1,Retail,5508,2007,CBES T24 2005,,,,,
6703,6703.xml,1,Retail,5292,2004,CBES T24 2001,,,,,
6707,6707.xml,1,Office,5228,2011,CBES T24 2008,,,,,
6728,6728.xml,1,Office,51522,2015,CBES T24 2008,37,82,20.64593301,16.35406699,2015
6772,6772.xml,1,Office,10800,2011,CBES T24 2008,58,164,49.33014354,8.669856459,2015
6781,6781.xml,1,Retail,5564,2015,CBES T24 2008,,,,,
6789,6789.xml,1,Office,22330,2011,CBES T24 2008,82,168,39.18660287,42.81339713,2015
6793,6793.xml,1,Retail,5336,1907,CBES Pre-1978,,,,,
6797,6797.xml,1,Office,6000,2009,CBES T24 2008,,,,,
6805,6805.xml,1,Retail,6118,2014,CBES T24 2008,,,,,
6824,6824.xml,1,Office,5793,1931,CBES Pre-1978,,,,,
6832,6832.xml,1,Retail,5500,1922,CBES Pre-1978,,,,,
6857,6857.xml,1,Retail,8834,1997,CBES T24 1992,,,,,
6875,6875.xml,1,Office,7203,2010,CBES T24 2008,,,,,
6881,6881.xml,1,Retail,5313,2015,CBES T24 2008,,,,,
6904,6904.xml,1,Office,4991,2010,CBES T24 2008,,,,,
6920,6920.xml,1,Retail,5645,2007,CBES T24 2005,,,,,
6963,6963.xml,1,Office,8000,2014,CBES T24 2008,,,,,
7013,7013.xml,1,Retail,4500,2014,CBES T24 2008,,,,,
7022,7022.xml,1,Retail,10300,2006,CBES T24 2005,,,,,
7072,7072.xml,1,Retail,7770,2000,CBES T24 1992,,,,,
7121,7121.xml,1,Office,39384,1908,CBES Pre-1978,102,137,14.3062201,87.6937799,2015
7126,7126.xml,1,Retail,10450,2011,CBES T24 2008,27,47,8.923444976,18.07655502,2015
7139,7139.xml,1,Retail,5750,1938,CBES Pre-1978,,,,,
7156,7156.xml,1,Retail,5665,1994,CBES T24 1992,,,,,
7161,7161.xml,1,Retail,4800,2001,CBES T24 2001,,,,,
7164,7164.xml,1,Retail,21720,2006,CBES T24 2005,,,,,
7192,7192.xml,1,Retail,5000,1996,CBES T24 1992,,,,,
7207,7207.xml,1,Retail,5000,2016,CBES T24 2008,,,,,
7223,7223.xml,1,Office,22687,2015,CBES T24 2008,44,120,35.31100478,8.688995215,2015
7236,7236.xml,1,Office,6500,2015,CBES T24 2008,,,,,
7242,7242.xml,1,Retail,5950,2014,CBES T24 2008,,,,,
7265,7265.xml,1,Retail,5000,1980,CBES T24 1978,,,,,
7278,7278.xml,1,Office,6079,1999,CBES T24 1992,,,,,
7290,7290.xml,1,Office,11256,2009,CBES T24 2008,,,,,
7315,7315.xml,1,Office,5000,2014,CBES T24 2008,,,,,
7321,7321.xml,1,Retail,4400,1987,CBES T24 1978,,,,,
7333,7333.xml,1,Office,9360,2011,CBES T24 2008,,,,,
7336,7336.xml,1,Retail,14400,1999,CBES T24 1992,40,111,33.01435407,6.985645933,2015
7353,7353.xml,1,Retail,4817,2016,CBES T24 2008,,,,,
7355,7355.xml,1,Office,3220,1907,CBES Pre-1978,,,,,
7359,7359.xml,1,Retail,1736,2015,CBES T24 2008,,,,,
7362,7362.xml,1,Office,25955,2006,CBES T24 2005,44,91,21.4354067,22.5645933,2015
7363,7363.xml,1,Retail,5000,1913,CBES Pre-1978,,,,,
7371,7371.xml,1,Office,15783,2014,CBES T24 2008,19,50,14.37799043,4.622009569,2015
7373,7373.xml,1,Retail,8635,2013,CBES T24 2008,,,,,
7398,7398.xml,1,Retail,6265,1955,CBES Pre-1978,,,,,
7400,7400.xml,1,Office,8100,2013,CBES T24 2008,,,,,
7430,7430.xml,1,Retail,5384,1994,CBES T24 1992,,,,,
7469,7469.xml,1,Office,6015,2000,CBES T24 1992,,,,,
7472,7472.xml,1,Office,10200,2013,CBES T24 2008,49,108,27.05741627,21.94258373,2013
7474,7474.xml,1,Retail,7500,1978,CBES T24 1978,,,,,
7483,7483.xml,1,Office,29400,2006,CBES T24 2005,,,,,
7494,7494.xml,1,Office,10980,2010,CBES T24 2008,62,141,36.31578947,25.68421053,2015
7495,7495.xml,1,Retail,10129,2009,CBES T24 2008,,,,,
7504,7504.xml,1,Retail,1749,1999,CBES T24 1992,,,,,
7507,7507.xml,1,Retail,5040,2001,CBES T24 2001,,,,,
7508,7508.xml,1,Retail,5000,2007,CBES T24 2005,,,,,
7514,7514.xml,1,Retail,4899,1900,CBES Pre-1978,,,,,
7524,7524.xml,1,Retail,4750,1998,CBES T24 1992,,,,,
7548,7548.xml,1,Retail,4600,1912,CBES Pre-1978,,,,,
7562,7562.xml,1,Retail,5200,1999,CBES T24 1992,,,,,
7575,7575.xml,1,Office,26808,2006,CBES T24 2005,33,84,23.61244019,9.387559809,2015
7591,7591.xml,1,Office,36724,2007,CBES T24 2005,103,169,29.11483254,73.88516746,2015
7594,7594.xml,1,Office,11980,1908,CBES Pre-1978,34,108,34.59330144,-0.593301435,2015
7607,7607.xml,1,Retail,16131,2010,CBES T24 2008,,,,,
7614,7614.xml,1,Retail,9055,2009,CBES T24 2008,,,,,
7619,7619.xml,1,Retail,20640,2000,CBES T24 1992,,,,,
7641,7641.xml,1,Office,11180,1918,CBES Pre-1978,39,88,22.51196172,16.48803828,2015
7647,7647.xml,1,Retail,10000,2000,CBES T24 1992,,,,,
7658,7658.xml,1,Retail,5793,1999,CBES T24 1992,,,,,
7663,7663.xml,1,Retail,4984,1999,CBES T24 1992,,,,,
7671,7671.xml,1,Retail,4606,1924,CBES Pre-1978,,,,,
7679,7679.xml,1,Office,9752,2016,CBES T24 2008,,,,,
7684,7684.xml,1,Retail,6169,2007,CBES T24 2005,,,,,
7696,7696.xml,1,Office,7273,1972,CBES Pre-1978,,,,,
7700,7700.xml,1,Retail,15560,2016,CBES T24 2008,,,,,
7701,7701.xml,1,Office,17808,2008,CBES T24 2008,21,56,16.24401914,4.755980861,2015
7712,7712.xml,1,Office,6335,2000,CBES T24 1992,,,,,
7719,7719.xml,1,Retail,14400,1923,CBES Pre-1978,13,29,7.344497608,5.655502392,2015
7726,7726.xml,1,Retail,4940,1912,CBES Pre-1978,,,,,
7731,7731.xml,1,Retail,5000,1947,CBES Pre-1978,,,,,
7741,7741.xml,1,Retail,6369,1999,CBES T24 1992,,,,,
7765,7765.xml,1,Retail,8479,2015,CBES T24 2008,,,,,
7773,7773.xml,1,Retail,7765,2014,CBES T24 2008,,,,,
7779,7779.xml,1,Office,5000,2009,CBES T24 2008,,,,,
7785,7785.xml,1,Retail,5095,2004,CBES T24 2001,,,,,
7801,7801.xml,1,Retail,13950,1907,CBES Pre-1978,346,456,44.35406699,301.645933,2015
7804,7804.xml,1,Retail,5000,1939,CBES Pre-1978,,,,,
7812,7812.xml,1,Office,13840,2006,CBES T24 2005,14,38,11.14832536,2.851674641,2015
7827,7827.xml,1,Retail,5000,2014,CBES T24 2008,,,,,
7835,7835.xml,1,Retail,5525,2005,CBES T24 2005,,,,,
7858,7858.xml,1,Retail,4950,1999,CBES T24 1992,,,,,
7871,7871.xml,1,Office,3657,2006,CBES T24 2005,48,110,28.51674641,19.48325359,2015
7874,7874.xml,1,Retail,6634,2008,CBES T24 2008,,,,,
7907,7907.xml,1,Retail,3667,2015,CBES T24 2008,,,,,
7942,7942.xml,1,Retail,4920,1999,CBES T24 1992,,,,,
7945,7945.xml,1,Office,9500,2012,CBES T24 2008,,,,,
7984,7984.xml,1,Office,4565,1999,CBES T24 1992,,,,,
8011,8011.xml,1,Retail,5828,2010,CBES T24 2008,,,,,
8060,8060.xml,1,Office,14568,1999,CBES T24 1992,36,92,25.93301435,10.06698565,2015
8066,8066.xml,1,Retail,4845,2010,CBES T24 2008,,,,,
8095,8095.xml,1,Office,4800,2008,CBES T24 2008,,,,,
8115,8115.xml,1,Office,18159,2015,CBES T24 2008,,,,,
8137,8137.xml,1,Retail,10005,1913,CBES Pre-1978,,,,,
8149,8149.xml,1,Retail,14750,2015,CBES T24 2008,,,,,
8171,8171.xml,1,Retail,4598,2003,CBES T24 2001,,,,,
8182,8182.xml,1,Retail,10750,2014,CBES T24 2008,,,,,
8194,8194.xml,1,Office,10716,1999,CBES T24 1992,,,,,
8202,8202.xml,1,Retail,6175,2001,CBES T24 2001,,,,,
8227,8227.xml,1,Office,5350,1975,CBES Pre-1978,,,,,
8232,8232.xml,1,Retail,5650,1974,CBES Pre-1978,,,,,
8238,8238.xml,1,Office,5761,1974,CBES Pre-1978,,,,,
8327,8327.xml,1,Retail,2800,2007,CBES T24 2005,,,,,
8334,8334.xml,1,Office,15000,2007,CBES T24 2005,,,,,
8346,8346.xml,1,Retail,4649,1998,CBES T24 1992,,,,,
8359,8359.xml,1,Retail,5085,1934,CBES Pre-1978,,,,,
8362,8362.xml,1,Office,15350,2005,CBES T24 2005,,,,,
8370,8370.xml,1,Retail,4500,1934,CBES Pre-1978,,,,,
8378,8378.xml,1,Retail,3400,2013,CBES T24 2008,,,,,
8383,8383.xml,1,Office,5118,2015,CBES T24 2008,,,,,
8411,8411.xml,1,Retail,4860,1968,CBES Pre-1978,,,,,
8415,8415.xml,1,Retail,4730,2010,CBES T24 2008,,,,,
8418,8418.xml,1,Retail,5000,1922,CBES Pre-1978,,,,,
8424,8424.xml,1,Office,6650,2013,CBES T24 2008,,,,,
8432,8432.xml,1,Retail,4625,2016,CBES T24 2008,,,,,
8434,8434.xml,1,Retail,4384,2014,CBES T24 2008,,,,,
8440,8440.xml,1,Retail,3800,1998,CBES T24 1992,,,,,
8457,8457.xml,1,Office,3804,2002,CBES T24 2001,,,,,
8458,8458.xml,1,Retail,4700,2010,CBES T24 2008,,,,,
8460,8460.xml,1,Retail,7002,2014,CBES T24 2008,,,,,
8462,8462.xml,1,Retail,11268,2000,CBES T24 1992,102,181,35.35885167,66.64114833,2014
8470,8470.xml,1,Retail,7944,1997,CBES T24 1992,,,,,
8473,8473.xml,1,Retail,9000,2015,CBES T24 2008,,,,,
8489,8489.xml,1,Retail,4406,2000,CBES T24 1992,,,,,
8498,8498.xml,1,Retail,4800,2015,CBES T24 2008,,,,,
8499,8499.xml,1,Office,29843,1999,CBES T24 1992,94,213,54.68899522,39.31100478,2015
8500,8500.xml,1,Retail,10584,2011,CBES T24 2008,,,,,
8516,8516.xml,1,Office,9600,2008,CBES T24 2008,,,,,
8519,8519.xml,1,Retail,4306,1999,CBES T24 1992,,,,,
8531,8531.xml,1,Retail,2380,1995,CBES T24 1992,,,,,
8536,8536.xml,1,Retail,15706,2007,CBES T24 2005,,,,,
8564,8564.xml,1,Office,5318,1956,CBES Pre-1978,,,,,
8585,8585.xml,1,Office,7440,2003,CBES T24 2001,,,,,
8605,8605.xml,1,Office,6530,2015,CBES T24 2008,,,,,
8614,8614.xml,1,Retail,4290,1999,CBES T24 1992,,,,,
8627,8627.xml,1,Retail,5976,1995,CBES T24 1992,,,,,
8631,8631.xml,1,Office,4170,2013,CBES T24 2008,,,,,
8634,8634.xml,1,Retail,3000,1997,CBES T24 1992,,,,,
8637,8637.xml,1,Retail,9538,2014,CBES T24 2008,,,,,
8659,8659.xml,1,Retail,4658,2013,CBES T24 2008,,,,,
8662,8662.xml,1,Retail,18128,1909,CBES Pre-1978,,,,,
8663,8663.xml,1,Office,4320,2014,CBES T24 2008,,,,,
8684,8684.xml,1,Office,9156,1999,CBES T24 1992,,,,,
8712,8712.xml,1,Retail,8500,2016,CBES T24 2008,,,,,
8716,8716.xml,1,Office,12450,2009,CBES T24 2008,,,,,
8721,8721.xml,1,Retail,9000,2014,CBES T24 2008,,,,,
8734,8734.xml,1,Office,19875,2014,CBES T24 2008,130,330,92.58373206,37.41626794,2015
8742,8742.xml,1,Office,7870,1995,CBES T24 1992,,,,,
8749,8749.xml,1,Office,7075,2011,CBES T24 2008,,,,,
8751,8751.xml,1,Retail,4500,1996,CBES T24 1992,,,,,
8761,8761.xml,1,Office,8624,1922,CBES Pre-1978,,,,,
8762,8762.xml,1,Retail,17000,2015,CBES T24 2008,,,,,
8769,8769.xml,1,Retail,4464,1999,CBES T24 1992,,,,,
8776,8776.xml,1,Retail,3966,2005,CBES T24 2005,,,,,
8814,8814.xml,1,Retail,4750,2015,CBES T24 2008,,,,,
8823,8823.xml,1,Office,7900,1995,CBES T24 1992,,,,,
8838,8838.xml,1,Office,5485,1995,CBES T24 1992,,,,,
8843,8843.xml,1,Office,9000,2008,CBES T24 2008,,,,,
8867,8867.xml,1,Retail,4000,2016,CBES T24 2008,,,,,
8888,8888.xml,1,Office,18908,2008,CBES T24 2008,53,139,39.88038278,13.11961722,2015
8898,8898.xml,1,Office,25643,2013,CBES T24 2008,,,,,
8954,8954.xml,1,Retail,6320,1996,CBES T24 1992,,,,,
9017,9017.xml,1,Office,8856,1923,CBES Pre-1978,,,,,
9030,9030.xml,1,Retail,5365,2003,CBES T24 2001,,,,,
9043,9043.xml,1,Retail,6050,1930,CBES Pre-1978,,,,,
9055,9055.xml,1,Retail,4275,2006,CBES T24 2005,,,,,
9058,9058.xml,1,Office,7840,2012,CBES T24 2008,,,,,
9061,9061.xml,1,Retail,4400,2006,CBES T24 2005,,,,,
9079,9079.xml,1,Office,9236,2013,CBES T24 2008,,,,,
9086,9086.xml,1,Office,20784,2003,CBES T24 2001,48,109,28.03827751,19.96172249,2015
9095,9095.xml,1,Office,8000,2015,CBES T24 2008,,,,,
9107,9107.xml,1,Retail,4437,2014,CBES T24 2008,,,,,
9119,9119.xml,1,Office,23534,2002,CBES T24 2001,,,,,
9126,9126.xml,1,Retail,10580,1916,CBES Pre-1978,435,861,193.4210526,241.5789474,2015
9155,9155.xml,1,Office,7275,2015,CBES T24 2008,,,,,
9157,9157.xml,1,Retail,3780,2000,CBES T24 1992,,,,,
9169,9169.xml,1,Retail,3600,2010,CBES T24 2008,,,,,
9179,9179.xml,1,Office,25650,2010,CBES T24 2008,53,149,44.66507177,8.33492823,2015
9186,9186.xml,1,Office,16900,2010,CBES T24 2008,36,90,24.97607656,11.02392344,2015
9203,9203.xml,1,Office,11422,1900,CBES Pre-1978,,,,,
9208,9208.xml,1,Office,15660,2013,CBES T24 2008,,,,,
9211,9211.xml,1,Office,5700,2014,CBES T24 2008,,,,,
9225,9225.xml,1,Retail,7185,2011,CBES T24 2008,,,,,
9229,9229.xml,1,Office,8400,2013,CBES T24 2008,,,,,
9236,9236.xml,1,Office,2900,1998,CBES T24 1992,,,,,
9255,9255.xml,1,Retail,6790,2006,CBES T24 2005,,,,,
9281,9281.xml,1,Retail,4871,1999,CBES T24 1992,,,,,
9304,9304.xml,1,Office,15500,2007,CBES T24 2005,62,188,58.80382775,3.196172249,2015
9315,9315.xml,1,Retail,7500,2013,CBES T24 2008,,,,,
9317,9317.xml,1,Retail,4275,2001,CBES T24 2001,,,,,
9335,9335.xml,1,Office,20295,1922,CBES Pre-1978,46,81,15.64593301,30.35406699,2014
9339,9339.xml,1,Retail,5300,1997,CBES T24 1992,,,,,
9347,9347.xml,1,Office,4100,1946,CBES Pre-1978,,,,,
9377,9377.xml,1,Retail,4000,1909,CBES Pre-1978,,,,,
9394,9394.xml,1,Office,24000,2006,CBES T24 2005,100,211,50.71770335,49.28229665,2015
9405,9405.xml,1,Office,6506,2003,CBES T24 2001,,,,,
9409,9409.xml,1,Office,7827,2005,CBES T24 2005,,,,,
9433,9433.xml,1,Retail,5988,2002,CBES T24 2001,,,,,
9443,9443.xml,1,Retail,4000,2010,CBES T24 2008,,,,,
9455,9455.xml,1,Office,3870,2011,CBES T24 2008,,,,,
9478,9478.xml,1,Office,4829,2011,CBES T24 2008,,,,,
9484,9484.xml,1,Retail,4000,2008,CBES T24 2008,,,,,
9486,9486.xml,1,Retail,4530,1925,CBES Pre-1978,,,,,
9511,9511.xml,1,Office,4824,2003,CBES T24 2001,,,,,
9534,9534.xml,1,Retail,1000,1997,CBES T24 1992,,,,,
9545,9545.xml,1,Retail,4200,1980,CBES T24 1978,,,,,
9565,9565.xml,1,Retail,4100,2000,CBES T24 1992,,,,,
9567,9567.xml,1,Retail,6884,2013,CBES T24 2008,,,,,
9593,9593.xml,1,Retail,7920,2010,CBES T24 2008,,,,,
9609,9609.xml,1,Office,5600,2010,CBES T24 2008,,,,,
9647,9647.xml,1,Office,8250,2004,CBES T24 2001,,,,,
9648,9648.xml,1,Retail,4340,1999,CBES T24 1992,,,,,
9693,9693.xml,1,Retail,4225,1969,CBES Pre-1978,,,,,
9711,9711.xml,1,Retail,13884,1995,CBES T24 1992,,,,,
9738,9738.xml,1,Retail,399,1966,CBES Pre-1978,,,,,
9774,9774.xml,1,Office,7722,2003,CBES T24 2001,,,,,
9784,9784.xml,1,Retail,4500,1997,CBES T24 1992,,,,,
9818,9818.xml,1,Office,5725,2013,CBES T24 2008,,,,,
9849,9849.xml,1,Office,12030,2006,CBES T24 2005,53,162,50.88516746,2.114832536,2014
9851,9851.xml,1,Retail,8000,2000,CBES T24 1992,,,,,
9853,9853.xml,1,Office,8060,1996,CBES T24 1992,,,,,
9869,9869.xml,1,Retail,4200,2014,CBES T24 2008,,,,,
9895,9895.xml,1,Retail,4800,2007,CBES T24 2005,,,,,
9901,9901.xml,1,Office,6770,1998,CBES T24 1992,,,,,
9912,9912.xml,1,Office,67860,1997,CBES T24 1992,48,111,28.99521531,19.00478469,2014
9923,9923.xml,1,Retail,11469,2015,CBES T24 2008,,,,,
9940,9940.xml,1,Office,23260,2007,CBES T24 2005,27,85,27.10526316,-0.105263158,2015
9954,9954.xml,1,Retail,4065,2000,CBES T24 1992,,,,,
9960,9960.xml,1,Retail,3944,1998,CBES T24 1992,,,,,
9976,9976.xml,1,Office,11340,2003,CBES T24 2001,,,,,
9988,9988.xml,1,Office,20068,2015,CBES T24 2008,,,,,
10016,10016.xml,1,Retail,7500,2015,CBES T24 2008,,,,,
10027,10027.xml,1,Office,10998,2015,CBES T24 2008,,,,,
10099,10099.xml,1,Retail,3600,2012,CBES T24 2008,,,,,
10119,10119.xml,1,Office,14231,2001,CBES T24 2001,32,80,22.20095694,9.799043062,2015
10159,10159.xml,1,Retail,4257,1923,CBES Pre-1978,,,,,
10161,10161.xml,1,Office,8000,2014,CBES T24 2008,,,,,
10198,10198.xml,1,Office,7365,2010,CBES T24 2008,,,,,
10199,10199.xml,1,Retail,8460,2009,CBES T24 2008,,,,,
10229,10229.xml,1,Retail,7596,1909,CBES Pre-1978,,,,,
10244,10244.xml,1,Retail,4718,1951,CBES Pre-1978,,,,,
10281,10281.xml,1,Office,23925,2011,CBES T24 2008,,,,,
10311,10311.xml,1,Retail,4150,2015,CBES T24 2008,,,,,
10320,10320.xml,1,Retail,3600,2000,CBES T24 1992,,,,,
10330,10330.xml,1,Retail,3750,1997,CBES T24 1992,,,,,
10338,10338.xml,1,Retail,12475,2011,CBES T24 2008,,,,,
10367,10367.xml,1,Retail,3700,2000,CBES T24 1992,,,,,
10369,10369.xml,1,Retail,4150,2002,CBES T24 2001,,,,,
10374,10374.xml,1,Retail,5994,1922,CBES Pre-1978,,,,,
10380,10380.xml,1,Office,8140,1938,CBES Pre-1978,,,,,
10403,10403.xml,1,Retail,3600,1999,CBES T24 1992,,,,,
10436,10436.xml,1,Retail,3470,2015,CBES T24 2008,,,,,
10443,10443.xml,1,Office,5412,2003,CBES T24 2001,,,,,
10446,10446.xml,1,Office,5050,1998,CBES T24 1992,,,,,
10455,10455.xml,1,Retail,3781,1998,CBES T24 1992,,,,,
10466,10466.xml,1,Retail,7750,2012,CBES T24 2008,,,,,
10468,10468.xml,1,Retail,8310,2001,CBES T24 2001,,,,,
10474,10474.xml,1,Office,28600,2008,CBES T24 2008,22,54,14.784689,7.215311005,2015
10505,10505.xml,1,Office,3331,1956,CBES Pre-1978,,,,,
10533,10533.xml,1,Retail,3964,2015,CBES T24 2008,,,,,
10559,10559.xml,1,Retail,4150,1948,CBES Pre-1978,,,,,
10575,10575.xml,1,Retail,3781,2015,CBES T24 2008,,,,,
10577,10577.xml,1,Office,2905,1998,CBES T24 1992,,,,,
10634,10634.xml,1,Retail,2400,2003,CBES T24 2001,,,,,
10697,10697.xml,1,Office,5802,1967,CBES Pre-1978,,,,,
10726,10726.xml,1,Retail,4503,2005,CBES T24 2005,,,,,
10727,10727.xml,1,Retail,6498,1938,CBES Pre-1978,,,,,
10729,10729.xml,1,Office,11115,2010,CBES T24 2008,,,,,
10737,10737.xml,1,Retail,3200,1923,CBES Pre-1978,,,,,
10750,10750.xml,1,Office,6850,2009,CBES T24 2008,,,,,
10757,10757.xml,1,Retail,3750,2003,CBES T24 2001,,,,,
10780,10780.xml,1,Retail,4275,1925,CBES Pre-1978,,,,,
10793,10793.xml,1,Retail,5019,2014,CBES T24 2008,,,,,
10797,10797.xml,1,Retail,5218,2016,CBES T24 2008,,,,,
10801,10801.xml,1,Office,7319,2003,CBES T24 2001,,,,,
10814,10814.xml,1,Retail,3975,1995,CBES T24 1992,,,,,
10830,10830.xml,1,Retail,6000,2001,CBES T24 2001,,,,,
10833,10833.xml,1,Office,6560,2004,CBES T24 2001,,,,,
10834,10834.xml,1,Retail,3781,1930,CBES Pre-1978,,,,,
10845,10845.xml,1,Retail,4250,2004,CBES T24 2001,,,,,
10850,10850.xml,1,Retail,1836,1998,CBES T24 1992,,,,,
10866,10866.xml,1,Retail,4339,2003,CBES T24 2001,,,,,
10874,10874.xml,1,Retail,6032,1994,CBES T24 1992,,,,,
10876,10876.xml,1,Office,3575,2016,CBES T24 2008,,,,,
10891,10891.xml,1,Retail,3750,1921,CBES Pre-1978,,,,,
10892,10892.xml,1,Retail,12376,1927,CBES Pre-1978,,,,,
10912,10912.xml,1,Retail,3781,1930,CBES Pre-1978,,,,,
10959,10959.xml,1,Retail,3757,2005,CBES T24 2005,,,,,
10969,10969.xml,1,Retail,3634,1996,CBES T24 1992,,,,,
10980,10980.xml,1,Retail,2984,1950,CBES Pre-1978,,,,,
11020,11020.xml,1,Office,2760,2012,CBES T24 2008,,,,,
11034,11034.xml,1,Retail,4440,2014,CBES T24 2008,,,,,
11041,11041.xml,1,Retail,7200,2015,CBES T24 2008,,,,,
11050,11050.xml,1,Retail,8560,1997,CBES T24 1992,,,,,
11105,11105.xml,1,Office,6914,2012,CBES T24 2008,,,,,
11147,11147.xml,1,Office,37544,2010,CBES T24 2008,59,108,22.03349282,36.96650718,2015
11148,11148.xml,1,Retail,5198,2007,CBES T24 2005,,,,,
11150,11150.xml,1,Office,3625,2012,CBES T24 2008,,,,,
11192,11192.xml,1,Office,2074,1998,CBES T24 1992,,,,,
11194,11194.xml,1,Retail,6500,1997,CBES T24 1992,,,,,
11206,11206.xml,1,Retail,7000,1998,CBES T24 1992,,,,,
11210,11210.xml,1,Retail,3750,2000,CBES T24 1992,,,,,
11222,11222.xml,1,Office,19741,2015,CBES T24 2008,98,210,51.24401914,46.75598086,2015
11225,11225.xml,1,Retail,8550,2012,CBES T24 2008,,,,,
11231,11231.xml,1,Retail,1590,2003,CBES T24 2001,,,,,
11246,11246.xml,1,Retail,2100,2016,CBES T24 2008,,,,,
11253,11253.xml,1,Retail,535,2004,CBES T24 2001,,,,,
11285,11285.xml,1,Retail,3958,1990,CBES T24 1978,,,,,
11301,11301.xml,1,Retail,4200,1917,CBES Pre-1978,,,,,
11314,11314.xml,1,Retail,3600,1991,CBES T24 1978,,,,,
11344,11344.xml,1,Retail,6936,2011,CBES T24 2008,,,,,
11351,11351.xml,1,Office,3600,2001,CBES T24 2001,,,,,
11352,11352.xml,1,Retail,3600,1998,CBES T24 1992,,,,,
11372,11372.xml,1,Retail,11383,2000,CBES T24 1992,,,,,
11379,11379.xml,1,Retail,3000,1908,CBES Pre-1978,,,,,
11407,11407.xml,1,Retail,3550,1996,CBES T24 1992,,,,,
11414,11414.xml,1,Retail,3900,1995,CBES T24 1992,,,,,
11429,11429.xml,1,Office,3883,2014,CBES T24 2008,,,,,
11440,11440.xml,1,Retail,440,1986,CBES T24 1978,,,,,
11454,11454.xml,1,Office,15460,2006,CBES T24 2005,21,65,20.55023923,0.449760766,2014
11455,11455.xml,1,Retail,3250,1996,CBES T24 1992,,,,,
11507,11507.xml,1,Office,25475,2007,CBES T24 2005,,,,,
11529,11529.xml,1,Office,7200,2015,CBES T24 2008,,,,,
11535,11535.xml,1,Retail,12400,1984,CBES T24 1978,9,24,6.961722488,2.038277512,2015
11536,11536.xml,1,Office,23979,2000,CBES T24 1992,39,121,38.30143541,0.698564593,2015
11547,11547.xml,1,Office,2858,2003,CBES T24 2001,,,,,
11551,11551.xml,1,Retail,3594,1999,CBES T24 1992,,,,,
11581,11581.xml,1,Office,4000,1924,CBES Pre-1978,,,,,
11585,11585.xml,1,Retail,3078,2000,CBES T24 1992,,,,,
11587,11587.xml,1,Retail,6500,2012,CBES T24 2008,,,,,
11590,11590.xml,1,Office,3906,1953,CBES Pre-1978,,,,,
11628,11628.xml,1,Retail,4092,2002,CBES T24 2001,,,,,
11681,11681.xml,1,Retail,3250,2005,CBES T24 2005,,,,,
11699,11699.xml,1,Retail,10925,2000,CBES T24 1992,,,,,
11742,11742.xml,1,Retail,5460,2011,CBES T24 2008,,,,,
11747,11747.xml,1,Office,4800,1980,CBES T24 1978,,,,,
11749,11749.xml,1,Office,4140,2009,CBES T24 2008,,,,,
11770,11770.xml,1,Retail,3281,2001,CBES T24 2001,,,,,
11775,11775.xml,1,Retail,5600,2014,CBES T24 2008,,,,,
11781,11781.xml,1,Office,25120,2006,CBES T24 2005,166,319,69.23444976,96.76555024,2014
11783,11783.xml,1,Retail,6286,2009,CBES T24 2008,,,,,
11785,11785.xml,1,Retail,4700,1998,CBES T24 1992,,,,,
11886,11886.xml,1,Retail,6547,2012,CBES T24 2008,,,,,
11888,11888.xml,1,Retail,3450,1995,CBES T24 1992,,,,,
11917,11917.xml,1,Retail,4442,2008,CBES T24 2008,,,,,
11933,11933.xml,1,Office,63272,2006,CBES T24 2005,50,105,25.11961722,24.88038278,2015
12017,12017.xml,1,Retail,20784,2015,CBES T24 2008,111,281,78.68421053,32.31578947,2015
12028,12028.xml,1,Retail,2000,1996,CBES T24 1992,,,,,
12058,12058.xml,1,Retail,2691,1924,CBES Pre-1978,,,,,
12059,12059.xml,1,Retail,13136,1977,CBES Pre-1978,,,,,
12064,12064.xml,1,Retail,1740,2016,CBES T24 2008,,,,,
12085,12085.xml,1,Retail,10218,1999,CBES T24 1992,,,,,
12096,12096.xml,1,Retail,7250,2015,CBES T24 2008,,,,,
12097,12097.xml,1,Office,24331,2007,CBES T24 2005,42,115,33.92344498,8.076555024,2015
12099,12099.xml,1,Office,9450,2011,CBES T24 2008,,,,,
12106,12106.xml,1,Retail,3018,2000,CBES T24 1992,,,,,
12127,12127.xml,1,Retail,2500,2014,CBES T24 2008,,,,,
12153,12153.xml,1,Retail,6480,2013,CBES T24 2008,,,,,
12163,12163.xml,1,Retail,4625,2007,CBES T24 2005,,,,,
12176,12176.xml,1,Retail,3268,1999,CBES T24 1992,,,,,
12192,12192.xml,1,Office,10221,2016,CBES T24 2008,,,,,
12229,12229.xml,1,Retail,2766,1997,CBES T24 1992,,,,,
12232,12232.xml,1,Retail,14248,2009,CBES T24 2008,47,121,34.28229665,12.71770335,2015
12247,12247.xml,1,Retail,3250,2014,CBES T24 2008,,,,,
12266,12266.xml,1,Retail,3574,1998,CBES T24 1992,,,,,
12297,12297.xml,1,Retail,6150,2004,CBES T24 2001,,,,,
12301,12301.xml,1,Retail,6960,2006,CBES T24 2005,,,,,
12303,12303.xml,1,Retail,3420,2012,CBES T24 2008,,,,,
12306,12306.xml,1,Retail,3277,1996,CBES T24 1992,,,,,
12314,12314.xml,1,Office,9477,2004,CBES T24 2001,,,,,
12317,12317.xml,1,Retail,7170,2011,CBES T24 2008,,,,,
12328,12328.xml,1,Office,7485,2011,CBES T24 2008,,,,,
12339,12339.xml,1,Office,9120,2003,CBES T24 2001,,,,,
12351,12351.xml,1,Office,19260,1996,CBES T24 1992,20,36,7.177033493,12.82296651,2015
12354,12354.xml,1,Retail,3720,1936,CBES Pre-1978,,,,,
12380,12380.xml,1,Office,8760,2015,CBES T24 2008,,,,,
12381,12381.xml,1,Retail,11390,1997,CBES T24 1992,,,,,
12456,12456.xml,1,Retail,3613,2007,CBES T24 2005,,,,,
12465,12465.xml,1,Retail,3900,2004,CBES T24 2001,,,,,
12497,12497.xml,1,Retail,6975,2011,CBES T24 2008,,,,,
12557,12557.xml,1,Office,4183,1998,CBES T24 1992,,,,,
12563,12563.xml,1,Retail,18130,2014,CBES T24 2008,,,,,
12580,12580.xml,1,Retail,6502,2014,CBES T24 2008,,,,,
12588,12588.xml,1,Office,4208,1998,CBES T24 1992,,,,,
12603,12603.xml,1,Retail,6300,2014,CBES T24 2008,,,,,
12604,12604.xml,1,Office,14456,1986,CBES T24 1978,15,49,15.90909091,-0.909090909,2015
12607,12607.xml,1,Retail,3705,2005,CBES T24 2005,,,,,
12621,12621.xml,1,Office,24250,2012,CBES T24 2008,,,,,
12646,12646.xml,1,Office,23177,1994,CBES T24 1992,69,147,35.66985646,33.33014354,2013
12651,12651.xml,1,Retail,17335,2003,CBES T24 2001,47,147,46.72248804,0.277511962,2014
12654,12654.xml,1,Office,12104,2014,CBES T24 2008,,,,,
12713,12713.xml,1,Office,13825,2000,CBES T24 1992,,,,,
12723,12723.xml,1,Retail,6459,7988,CBES T24 2008,,,,,
12732,12732.xml,1,Retail,8428,2011,CBES T24 2008,,,,,
12741,12741.xml,1,Retail,3455,2008,CBES T24 2008,,,,,
12762,12762.xml,1,Retail,2536,2015,CBES T24 2008,,,,,
12768,12768.xml,1,Retail,9900,2015,CBES T24 2008,,,,,
12800,12800.xml,1,Retail,3150,2000,CBES T24 1992,,,,,
12824,12824.xml,1,Retail,3801,2006,CBES T24 2005,,,,,
12887,12887.xml,1,Retail,1446,1948,CBES Pre-1978,,,,,
12912,12912.xml,1,Retail,2640,1900,CBES Pre-1978,,,,,
12935,12935.xml,1,Office,6570,2000,CBES T24 1992,,,,,
12942,12942.xml,1,Retail,7809,1999,CBES T24 1992,,,,,
12969,12969.xml,1,Retail,16000,2015,CBES T24 2008,,,,,
13017,13017.xml,1,Retail,3360,2014,CBES T24 2008,,,,,
13022,13022.xml,1,Retail,3200,1926,CBES Pre-1978,,,,,
13026,13026.xml,1,Retail,1950,2009,CBES T24 2008,,,,,
13030,13030.xml,1,Retail,3900,2011,CBES T24 2008,,,,,
13060,13060.xml,1,Retail,3500,2014,CBES T24 2008,,,,,
13062,13062.xml,1,Office,4080,2015,CBES T24 2008,,,,,
13080,13080.xml,1,Retail,2743,2008,CBES T24 2008,,,,,
13126,13126.xml,1,Retail,3250,1909,CBES Pre-1978,,,,,
13128,13128.xml,1,Retail,596,1997,CBES T24 1992,,,,,
13161,13161.xml,1,Retail,10229,2015,CBES T24 2008,,,,,
13188,13188.xml,1,Retail,2925,1948,CBES Pre-1978,,,,,
13207,13207.xml,1,Retail,2420,2000,CBES T24 1992,,,,,
13255,13255.xml,1,Office,6140,2005,CBES T24 2005,,,,,
13284,13284.xml,1,Retail,2924,1921,CBES Pre-1978,,,,,
13285,13285.xml,1,Retail,5950,1998,CBES T24 1992,,,,,
13287,13287.xml,1,Retail,3468,2007,CBES T24 2005,,,,,
13300,13300.xml,1,Retail,7162,1996,CBES T24 1992,,,,,
13304,13304.xml,1,Retail,2910,1950,CBES Pre-1978,,,,,
13337,13337.xml,1,Retail,2080,1931,CBES Pre-1978,,,,,
13347,13347.xml,1,Retail,2682,1999,CBES T24 1992,,,,,
13382,13382.xml,1,Retail,5834,1907,CBES Pre-1978,,,,,
13386,13386.xml,1,Retail,6732,2016,CBES T24 2008,,,,,
13438,13438.xml,1,Retail,6980,2000,CBES T24 1992,,,,,
13478,13478.xml,1,Office,5160,2013,CBES T24 2008,,,,,
13487,13487.xml,1,Office,4085,2007,CBES T24 2005,,,,,
13539,13539.xml,1,Office,7507,2004,CBES T24 2001,,,,,
13576,13576.xml,1,Office,15615,1999,CBES T24 1992,,,,,
13580,13580.xml,1,Office,18963,1925,CBES Pre-1978,51,124,33.70813397,17.29186603,2015
13658,13658.xml,1,Retail,17268,2015,CBES T24 2008,,,,,
13676,13676.xml,1,Office,4920,2008,CBES T24 2008,,,,,
13709,13709.xml,1,Retail,10908,2000,CBES T24 1992,,,,,
13714,13714.xml,1,Retail,1995,2007,CBES T24 2005,,,,,
13739,13739.xml,1,Retail,6434,2000,CBES T24 1992,,,,,
13746,13746.xml,1,Retail,2950,2011,CBES T24 2008,,,,,
13754,13754.xml,1,Retail,2234,2012,CBES T24 2008,,,,,
13814,13814.xml,1,Retail,2800,1925,CBES Pre-1978,,,,,
13840,13840.xml,1,Retail,4264,2004,CBES T24 2001,,,,,
13890,13890.xml,1,Office,8405,2004,CBES T24 2001,,,,,
13891,13891.xml,1,Retail,2900,1900,CBES Pre-1978,,,,,
13925,13925.xml,1,Retail,4270,1994,CBES T24 1992,,,,,
13946,13946.xml,1,Office,3082,1998,CBES T24 1992,,,,,
14012,14012.xml,1,Office,5124,1968,CBES Pre-1978,,,,,
14035,14035.xml,1,Retail,3496,1920,CBES Pre-1978,,,,,
14084,14084.xml,1,Retail,6070,1908,CBES Pre-1978,,,,,
14086,14086.xml,1,Retail,9250,2014,CBES T24 2008,,,,,
14103,14103.xml,1,Retail,2775,2011,CBES T24 2008,,,,,
14128,14128.xml,1,Retail,3490,2013,CBES T24 2008,,,,,
14165,14165.xml,1,Retail,3070,2010,CBES T24 2008,,,,,
14168,14168.xml,1,Office,3288,1910,CBES Pre-1978,,,,,
14193,14193.xml,1,Office,9993,2013,CBES T24 2008,,,,,
14205,14205.xml,1,Retail,5215,1999,CBES T24 1992,,,,,
14229,14229.xml,1,Retail,2783,1999,CBES T24 1992,,,,,
14234,14234.xml,1,Retail,3000,2001,CBES T24 2001,,,,,
14238,14238.xml,1,Retail,3525,1999,CBES T24 1992,,,,,
14271,14271.xml,1,Retail,2200,1997,CBES T24 1992,,,,,
14327,14327.xml,1,Retail,10755,2004,CBES T24 2001,,,,,
14348,14348.xml,1,Retail,4600,1923,CBES Pre-1978,,,,,
14362,14362.xml,1,Retail,1800,2007,CBES T24 2005,,,,,
14381,14381.xml,1,Retail,2080,1910,CBES Pre-1978,,,,,
14388,14388.xml,1,Retail,5387,1999,CBES T24 1992,,,,,
14404,14404.xml,1,Office,6600,1998,CBES T24 1992,,,,,
14427,14427.xml,1,Retail,2423,2011,CBES T24 2008,,,,,
14433,14433.xml,1,Retail,2875,1924,CBES Pre-1978,,,,,
14437,14437.xml,1,Retail,574,1928,CBES Pre-1978,,,,,
14444,14444.xml,1,Retail,6300,2012,CBES T24 2008,,,,,
14446,14446.xml,1,Retail,2970,2015,CBES T24 2008,,,,,
14449,14449.xml,1,Retail,4296,2011,CBES T24 2008,,,,,
14453,14453.xml,1,Office,3346,2000,CBES T24 1992,,,,,
14459,14459.xml,1,Office,2886,2009,CBES T24 2008,,,,,
14486,14486.xml,1,Retail,2900,2015,CBES T24 2008,,,,,
14506,14506.xml,1,Retail,4250,1996,CBES T24 1992,,,,,
14514,14514.xml,1,Office,3700,2000,CBES T24 1992,,,,,
14520,14520.xml,1,Office,8910,1998,CBES T24 1992,,,,,
14530,14530.xml,1,Office,9504,2003,CBES T24 2001,,,,,
14539,14539.xml,1,Retail,5910,2010,CBES T24 2008,,,,,
14564,14564.xml,1,Office,21420,2010,CBES T24 2008,55,95,17.82296651,37.17703349,2015
14597,14597.xml,1,Retail,3780,1994,CBES T24 1992,,,,,
14603,14603.xml,1,Retail,3000,2003,CBES T24 2001,,,,,
14654,14654.xml,1,Retail,4700,1989,CBES T24 1978,,,,,
14666,14666.xml,1,Retail,2575,2010,CBES T24 2008,,,,,
14726,14726.xml,1,Retail,3500,1926,CBES Pre-1978,,,,,
14736,14736.xml,1,Office,5760,2009,CBES T24 2008,,,,,
14758,14758.xml,1,Retail,2830,1936,CBES Pre-1978,,,,,
14761,14761.xml,1,Retail,3750,2005,CBES T24 2005,,,,,
14789,14789.xml,1,Retail,10755,2004,CBES T24 2001,,,,,
14814,14814.xml,1,Retail,2614,2012,CBES T24 2008,,,,,
14817,14817.xml,1,Retail,8014,2014,CBES T24 2008,,,,,
14848,14848.xml,1,Retail,3025,1998,CBES T24 1992,,,,,
14855,14855.xml,1,Retail,2940,2014,CBES T24 2008,,,,,
14868,14868.xml,1,Retail,6400,1995,CBES T24 1992,,,,,
14870,14870.xml,1,Office,6000,2010,CBES T24 2008,,,,,
14913,14913.xml,1,Retail,2812,1972,CBES Pre-1978,,,,,
14922,14922.xml,1,Office,2660,2006,CBES T24 2005,,,,,
14931,14931.xml,1,Office,5600,1924,CBES Pre-1978,,,,,
14935,14935.xml,1,Office,11455,2013,CBES T24 2008,19,62,20.11961722,-1.119617225,2015
14948,14948.xml,1,Retail,3420,2013,CBES T24 2008,,,,,
14977,14977.xml,1,Retail,14300,2003,CBES T24 2001,,,,,
15010,15010.xml,1,Retail,2214,2007,CBES T24 2005,,,,,
15071,15071.xml,1,Retail,5360,1927,CBES Pre-1978,,,,,
15078,15078.xml,1,Office,5448,2008,CBES T24 2008,,,,,
15112,15112.xml,1,Retail,2800,2016,CBES T24 2008,,,,,
15132,15132.xml,1,Office,9600,2012,CBES T24 2008,,,,,
15144,15144.xml,1,Retail,4890,2002,CBES T24 2001,,,,,
15152,15152.xml,1,Retail,1884,1999,CBES T24 1992,,,,,
15161,15161.xml,1,Office,3288,2007,CBES T24 2005,,,,,
15197,15197.xml,1,Retail,2550,2007,CBES T24 2005,,,,,
15250,15250.xml,1,Retail,2350,1998,CBES T24 1992,,,,,
15271,15271.xml,1,Office,5980,2013,CBES T24 2008,,,,,
15280,15280.xml,1,Retail,6240,1999,CBES T24 1992,,,,,
15296,15296.xml,1,Retail,5812,2003,CBES T24 2001,,,,,
15316,15316.xml,1,Office,6931,1999,CBES T24 1992,,,,,
15317,15317.xml,1,Office,9940,2012,CBES T24 2008,,,,,
15489,15489.xml,1,Office,18337,2011,CBES T24 2008,,,,,
15519,15519.xml,1,Retail,1250,2014,CBES T24 2008,,,,,
15521,15521.xml,1,Retail,8692,1907,CBES Pre-1978,,,,,
15559,15559.xml,1,Office,8424,2010,CBES T24 2008,,,,,
15569,15569.xml,1,Retail,2650,1970,CBES Pre-1978,,,,,
15571,15571.xml,1,Retail,950,2014,CBES T24 2008,,,,,
15576,15576.xml,1,Retail,2500,1940,CBES Pre-1978,,,,,
15607,15607.xml,1,Retail,2592,1931,CBES Pre-1978,,,,,
15613,15613.xml,1,Office,5630,2011,CBES T24 2008,,,,,
15622,15622.xml,1,Office,2729,1978,CBES T24 1978,,,,,
15647,15647.xml,1,Office,5390,2013,CBES T24 2008,,,,,
15671,15671.xml,1,Retail,4700,2010,CBES T24 2008,,,,,
15686,15686.xml,1,Retail,2900,1929,CBES Pre-1978,,,,,
15693,15693.xml,1,Office,6636,2008,CBES T24 2008,,,,,
15700,15700.xml,1,Retail,4150,1997,CBES T24 1992,,,,,
15715,15715.xml,1,Office,4253,2014,CBES T24 2008,,,,,
15730,15730.xml,1,Retail,4826,1996,CBES T24 1992,,,,,
15790,15790.xml,1,Retail,1110,2011,CBES T24 2008,,,,,
15801,15801.xml,1,Office,5936,2007,CBES T24 2005,,,,,
15805,15805.xml,1,Retail,7896,1910,CBES Pre-1978,,,,,
15832,15832.xml,1,Retail,4126,1906,CBES Pre-1978,,,,,
15839,15839.xml,1,Office,2240,2002,CBES T24 2001,,,,,
15861,15861.xml,1,Retail,2450,2016,CBES T24 2008,,,,,
15863,15863.xml,1,Office,5452,1911,CBES Pre-1978,,,,,
15869,15869.xml,1,Retail,2525,2010,CBES T24 2008,,,,,
15878,15878.xml,1,Retail,5157,1999,CBES T24 1992,,,,,
15914,15914.xml,1,Retail,2970,2003,CBES T24 2001,,,,,
15915,15915.xml,1,Retail,3640,1936,CBES Pre-1978,,,,,
15951,15951.xml,1,Office,3270,1969,CBES Pre-1978,,,,,
15965,15965.xml,1,Office,3000,2013,CBES T24 2008,,,,,
15988,15988.xml,1,Retail,2212,2015,CBES T24 2008,,,,,
15993,15993.xml,1,Retail,2800,1904,CBES Pre-1978,,,,,
16006,16006.xml,1,Retail,9282,2010,CBES T24 2008,,,,,
16017,16017.xml,1,Retail,2780,1907,CBES Pre-1978,,,,,
16077,16077.xml,1,Office,3512,2003,CBES T24 2001,,,,,
16121,16121.xml,1,Retail,2667,2015,CBES T24 2008,,,,,
16185,16185.xml,1,Retail,3220,2001,CBES T24 2001,,,,,
16186,16186.xml,1,Retail,3134,2002,CBES T24 2001,,,,,
16226,16226.xml,1,Retail,3272,1911,CBES Pre-1978,,,,,
16244,16244.xml,1,Retail,2250,1929,CBES Pre-1978,,,,,
16300,16300.xml,1,Retail,2500,2015,CBES T24 2008,,,,,
16352,16352.xml,1,Office,1689,1999,CBES T24 1992,,,,,
16409,16409.xml,1,Retail,8745,2014,CBES T24 2008,,,,,
16415,16415.xml,1,Retail,3411,2006,CBES T24 2005,,,,,
16418,16418.xml,1,Office,3930,1949,CBES Pre-1978,,,,,
16451,16451.xml,1,Retail,3075,1908,CBES Pre-1978,,,,,
16476,16476.xml,1,Retail,5250,1937,CBES Pre-1978,,,,,
16488,16488.xml,1,Office,3520,1977,CBES Pre-1978,,,,,
16499,16499.xml,1,Retail,2530,1999,CBES T24 1992,,,,,
16507,16507.xml,1,Retail,4968,2010,CBES T24 2008,,,,,
16529,16529.xml,1,Retail,2575,2010,CBES T24 2008,,,,,
16555,16555.xml,1,Retail,3546,2014,CBES T24 2008,,,,,
16571,16571.xml,1,Retail,5625,2009,CBES T24 2008,,,,,
16576,16576.xml,1,Retail,2400,2007,CBES T24 2005,,,,,
16588,16588.xml,1,Office,2880,1997,CBES T24 1992,,,,,
16644,16644.xml,1,Retail,11734,1907,CBES Pre-1978,31,89,27.00956938,3.990430622,2014
16681,16681.xml,1,Retail,5066,1911,CBES Pre-1978,,,,,
16709,16709.xml,1,Office,5270,2007,CBES T24 2005,,,,,
16725,16725.xml,1,Retail,3025,1900,CBES Pre-1978,,,,,
16736,16736.xml,1,Office,5436,2014,CBES T24 2008,,,,,
16781,16781.xml,1,Retail,4500,2013,CBES T24 2008,,,,,
16786,16786.xml,1,Retail,1296,1968,CBES Pre-1978,,,,,
16789,16789.xml,1,Office,4000,2008,CBES T24 2008,,,,,
16801,16801.xml,1,Retail,8913,1918,CBES Pre-1978,,,,,
16814,16814.xml,1,Retail,3675,1995,CBES T24 1992,,,,,
16897,16897.xml,1,Retail,2620,2009,CBES T24 2008,,,,,
16967,16967.xml,1,Office,3295,1984,CBES T24 1978,,,,,
16978,16978.xml,1,Retail,4255,2012,CBES T24 2008,,,,,
17001,17001.xml,1,Retail,2450,2002,CBES T24 2001,,,,,
17006,17006.xml,1,Office,1510,2009,CBES T24 2008,43,137,43.94736842,-0.947368421,2015
17011,17011.xml,1,Retail,1450,2010,CBES T24 2008,,,,,
17026,17026.xml,1,Office,5280,2016,CBES T24 2008,,,,,
17029,17029.xml,1,Office,24000,2004,CBES T24 2001,,,,,
17063,17063.xml,1,Retail,2976,2003,CBES T24 2001,,,,,
17076,17076.xml,1,Retail,1625,1900,CBES Pre-1978,,,,,
17094,17094.xml,1,Office,16200,2015,CBES T24 2008,27,86,27.58373206,-0.583732057,2015
17122,17122.xml,1,Retail,5068,1907,CBES Pre-1978,,,,,
17126,17126.xml,1,Retail,7065,1937,CBES Pre-1978,,,,,
17129,17129.xml,1,Retail,4718,2006,CBES T24 2005,,,,,
17159,17159.xml,1,Retail,2450,1938,CBES Pre-1978,,,,,
17203,17203.xml,1,Retail,2125,1999,CBES T24 1992,,,,,
17236,17236.xml,1,Retail,2863,1925,CBES Pre-1978,,,,,
17255,17255.xml,1,Retail,2375,2013,CBES T24 2008,,,,,
17269,17269.xml,1,Retail,3040,1907,CBES Pre-1978,,,,,
17272,17272.xml,1,Retail,5580,2014,CBES T24 2008,,,,,
17303,17303.xml,1,Retail,3262,2002,CBES T24 2001,,,,,
17313,17313.xml,1,Retail,4435,1900,CBES Pre-1978,,,,,
17322,17322.xml,1,Office,9000,1998,CBES T24 1992,,,,,
17391,17391.xml,1,Retail,5400,2000,CBES T24 1992,,,,,
17412,17412.xml,1,Retail,1825,1922,CBES Pre-1978,,,,,
17415,17415.xml,1,Retail,1650,1996,CBES T24 1992,,,,,
17420,17420.xml,1,Retail,2430,1924,CBES Pre-1978,,,,,
17426,17426.xml,1,Retail,5000,2000,CBES T24 1992,,,,,
17430,17430.xml,1,Retail,3230,2015,CBES T24 2008,,,,,
17435,17435.xml,1,Office,4783,1974,CBES Pre-1978,,,,,
17448,17448.xml,1,Retail,2238,1997,CBES T24 1992,,,,,
17453,17453.xml,1,Retail,3675,1925,CBES Pre-1978,,,,,
17465,17465.xml,1,Office,5980,1996,CBES T24 1992,,,,,
17485,17485.xml,1,Retail,3508,2011,CBES T24 2008,,,,,
17519,17519.xml,1,Retail,2324,2014,CBES T24 2008,,,,,
17555,17555.xml,1,Retail,3550,1902,CBES Pre-1978,,,,,
17565,17565.xml,1,Office,1235,2011,CBES T24 2008,,,,,
17599,17599.xml,1,Retail,2700,1920,CBES Pre-1978,,,,,
17600,17600.xml,1,Retail,2850,1929,CBES Pre-1978,,,,,
17615,17615.xml,1,Retail,2875,2012,CBES T24 2008,,,,,
17641,17641.xml,1,Retail,8420,2008,CBES T24 2008,,,,,
17651,17651.xml,1,Retail,1411,1908,CBES Pre-1978,,,,,
17669,17669.xml,1,Retail,5036,1996,CBES T24 1992,,,,,
17699,17699.xml,1,Retail,1690,1997,CBES T24 1992,,,,,
17704,17704.xml,1,Retail,2944,1997,CBES T24 1992,,,,,
17728,17728.xml,1,Retail,4565,1920,CBES Pre-1978,,,,,
17738,17738.xml,1,Retail,2250,1959,CBES Pre-1978,,,,,
17776,17776.xml,1,Retail,4800,2000,CBES T24 1992,,,,,
17785,17785.xml,1,Retail,1875,2016,CBES T24 2008,,,,,
17804,17804.xml,1,Retail,1500,1950,CBES Pre-1978,,,,,
17818,17818.xml,1,Retail,1650,1934,CBES Pre-1978,,,,,
17872,17872.xml,1,Retail,2106,1997,CBES T24 1992,,,,,
17886,17886.xml,1,Office,1500,2015,CBES T24 2008,,,,,
17887,17887.xml,1,Retail,2500,1948,CBES Pre-1978,,,,,
17902,17902.xml,1,Retail,2195,2010,CBES T24 2008,,,,,
17941,17941.xml,1,Retail,2100,2010,CBES T24 2008,,,,,
17973,17973.xml,1,Retail,4261,1982,CBES T24 1978,,,,,
17999,17999.xml,1,Retail,2981,2014,CBES T24 2008,,,,,
18015,18015.xml,1,Retail,2420,1997,CBES T24 1992,,,,,
18027,18027.xml,1,Retail,2024,1998,CBES T24 1992,,,,,
18034,18034.xml,1,Retail,2500,2014,CBES T24 2008,,,,,
18035,18035.xml,1,Retail,3565,2011,CBES T24 2008,,,,,
18039,18039.xml,1,Retail,4000,2014,CBES T24 2008,,,,,
18046,18046.xml,1,Office,2227,1996,CBES T24 1992,,,,,
18051,18051.xml,1,Retail,2534,1915,CBES Pre-1978,,,,,
18053,18053.xml,1,Retail,1602,2003,CBES T24 2001,,,,,
18103,18103.xml,1,Office,24000,2004,CBES T24 2001,74,175,46.55502392,27.44497608,2013
18118,18118.xml,1,Retail,6692,2014,CBES T24 2008,,,,,
18155,18155.xml,1,Retail,2574,1915,CBES Pre-1978,,,,,
18156,18156.xml,1,Retail,5195,2014,CBES T24 2008,,,,,
18164,18164.xml,1,Retail,3888,2005,CBES T24 2005,,,,,
18187,18187.xml,1,Office,4930,2011,CBES T24 2008,,,,,
18193,18193.xml,1,Retail,2312,1957,CBES Pre-1978,,,,,
18201,18201.xml,1,Retail,2437,1949,CBES Pre-1978,,,,,
18211,18211.xml,1,Retail,2500,1946,CBES Pre-1978,,,,,
18212,18212.xml,1,Retail,2500,1996,CBES T24 1992,,,,,
18222,18222.xml,1,Retail,2400,1909,CBES Pre-1978,,,,,
18248,18248.xml,1,Retail,1880,2004,CBES T24 2001,,,,,
18269,18269.xml,1,Retail,2620,1940,CBES Pre-1978,,,,,
18289,18289.xml,1,Retail,5250,2006,CBES T24 2005,,,,,
18304,18304.xml,1,Retail,1962,1999,CBES T24 1992,,,,,
18326,18326.xml,1,Retail,2500,2004,CBES T24 2001,,,,,
18355,18355.xml,1,Retail,2500,2000,CBES T24 1992,,,,,
18358,18358.xml,1,Retail,2366,2011,CBES T24 2008,,,,,
18374,18374.xml,1,Retail,2502,2008,CBES T24 2008,,,,,
18393,18393.xml,1,Retail,1915,2015,CBES T24 2008,,,,,
18401,18401.xml,1,Office,5220,1998,CBES T24 1992,,,,,
18413,18413.xml,1,Retail,2125,1996,CBES T24 1992,,,,,
18433,18433.xml,1,Office,3000,2015,CBES T24 2008,,,,,
18461,18461.xml,1,Retail,2600,2009,CBES T24 2008,,,,,
18473,18473.xml,1,Retail,4860,1999,CBES T24 1992,,,,,
18532,18532.xml,1,Office,2258,2014,CBES T24 2008,,,,,
18555,18555.xml,1,Retail,11025,2011,CBES T24 2008,75,235,74.76076555,0.23923445,2014
18574,18574.xml,1,Retail,1632,1923,CBES Pre-1978,,,,,
18576,18576.xml,1,Retail,1557,2014,CBES T24 2008,,,,,
18693,18693.xml,1,Office,5240,1920,CBES Pre-1978,,,,,
18722,18722.xml,1,Retail,4125,1998,CBES T24 1992,,,,,
18749,18749.xml,1,Retail,2450,2014,CBES T24 2008,,,,,
18753,18753.xml,1,Retail,2500,1986,CBES T24 1978,,,,,
18779,18779.xml,1,Retail,16120,1928,CBES Pre-1978,,,,,
18805,18805.xml,1,Retail,1760,1995,CBES T24 1992,,,,,
18852,18852.xml,1,Retail,900,1948,CBES Pre-1978,,,,,
18876,18876.xml,1,Retail,4125,2004,CBES T24 2001,,,,,
18926,18926.xml,1,Office,4650,2015,CBES T24 2008,,,,,
18951,18951.xml,1,Retail,7880,2003,CBES T24 2001,,,,,
18982,18982.xml,1,Retail,5089,2010,CBES T24 2008,,,,,
18985,18985.xml,1,Retail,2500,2007,CBES T24 2005,,,,,
19015,19015.xml,1,Retail,1772,2008,CBES T24 2008,,,,,
19016,19016.xml,1,Retail,2500,2015,CBES T24 2008,,,,,
19029,19029.xml,1,Retail,2470,1924,CBES Pre-1978,,,,,
19077,19077.xml,1,Retail,2375,1999,CBES T24 1992,,,,,
19139,19139.xml,1,Retail,2430,1995,CBES T24 1992,,,,,
19166,19166.xml,1,Retail,3032,2014,CBES T24 2008,,,,,
19206,19206.xml,1,Office,6010,2011,CBES T24 2008,,,,,
19220,19220.xml,1,Retail,5785,2001,CBES T24 2001,,,,,
19244,19244.xml,1,Office,4750,2000,CBES T24 1992,,,,,
19255,19255.xml,1,Office,2357,2013,CBES T24 2008,,,,,
19259,19259.xml,1,Retail,7090,1998,CBES T24 1992,,,,,
19280,19280.xml,1,Office,13589,2000,CBES T24 1992,27,78,23.75598086,3.244019139,2015
19293,19293.xml,1,Retail,990,2013,CBES T24 2008,,,,,
19301,19301.xml,1,Retail,2988,1924,CBES Pre-1978,,,,,
19319,19319.xml,1,Office,10275,2004,CBES T24 2001,43,133,42.03349282,0.966507177,2015
19377,19377.xml,1,Office,5358,2014,CBES T24 2008,,,,,
19439,19439.xml,1,Retail,2814,2006,CBES T24 2005,,,,,
19528,19528.xml,1,Retail,1150,2010,CBES T24 2008,,,,,
19566,19566.xml,1,Retail,1260,2016,CBES T24 2008,,,,,
19586,19586.xml,1,Retail,4375,1998,CBES T24 1992,,,,,
19601,19601.xml,1,Retail,5322,2014,CBES T24 2008,,,,,
19717,19717.xml,1,Retail,2375,2007,CBES T24 2005,,,,,
19844,19844.xml,1,Retail,2325,1925,CBES Pre-1978,,,,,
19907,19907.xml,1,Retail,2400,2014,CBES T24 2008,,,,,
19963,19963.xml,1,Retail,12086,1906,CBES Pre-1978,,,,,
19987,19987.xml,1,Retail,18160,2009,CBES T24 2008,,,,,
20042,20042.xml,1,Office,6900,2014,CBES T24 2008,,,,,
20045,20045.xml,1,Retail,5075,2010,CBES T24 2008,,,,,
20060,20060.xml,1,Retail,3685,1995,CBES T24 1992,,,,,
20099,20099.xml,1,Retail,4245,2000,CBES T24 1992,,,,,
20142,20142.xml,1,Retail,4516,1998,CBES T24 1992,,,,,
20192,20192.xml,1,Office,4500,2001,CBES T24 2001,,,,,
20197,20197.xml,1,Retail,5148,2011,CBES T24 2008,,,,,
20210,20210.xml,1,Retail,7285,1994,CBES T24 1992,,,,,
20226,20226.xml,1,Retail,1815,2015,CBES T24 2008,,,,,
20269,20269.xml,1,Retail,2880,1937,CBES Pre-1978,,,,,
20305,20305.xml,1,Retail,2276,1998,CBES T24 1992,,,,,
20344,20344.xml,1,Office,4100,2015,CBES T24 2008,,,,,
20382,20382.xml,1,Retail,2336,2016,CBES T24 2008,,,,,
20392,20392.xml,1,Retail,1890,2014,CBES T24 2008,,,,,
20413,20413.xml,1,Retail,709,1941,CBES Pre-1978,,,,,
20464,20464.xml,1,Retail,9120,2015,CBES T24 2008,,,,,
20471,20471.xml,1,Retail,2500,2001,CBES T24 2001,,,,,
20483,20483.xml,1,Retail,2175,1999,CBES T24 1992,,,,,
20495,20495.xml,1,Retail,2800,1997,CBES T24 1992,,,,,
20498,20498.xml,1,Retail,2490,2004,CBES T24 2001,,,,,
20574,20574.xml,1,Office,3958,1998,CBES T24 1992,,,,,
20586,20586.xml,1,Retail,2315,2000,CBES T24 1992,,,,,
20608,20608.xml,1,Office,3392,2003,CBES T24 2001,,,,,
20617,20617.xml,1,Retail,990,1921,CBES Pre-1978,,,,,
20622,20622.xml,1,Retail,2340,1995,CBES T24 1992,,,,,
20676,20676.xml,1,Retail,2375,2001,CBES T24 2001,,,,,
20728,20728.xml,1,Office,5610,1909,CBES Pre-1978,,,,,
20768,20768.xml,1,Retail,6600,2003,CBES T24 2001,,,,,
20777,20777.xml,1,Retail,2400,1950,CBES Pre-1978,,,,,
20809,20809.xml,1,Retail,2550,2001,CBES T24 2001,,,,,
20814,20814.xml,1,Retail,2821,1890,CBES Pre-1978,,,,,
20828,20828.xml,1,Retail,1350,2004,CBES T24 2001,,,,,
20975,20975.xml,1,Retail,6120,1914,CBES Pre-1978,,,,,
21037,21037.xml,1,Office,5096,2011,CBES T24 2008,,,,,
21044,21044.xml,1,Retail,1911,1996,CBES T24 1992,,,,,
21076,21076.xml,1,Office,2287,2014,CBES T24 2008,,,,,
21166,21166.xml,1,Retail,1950,1994,CBES T24 1992,,,,,
21182,21182.xml,1,Retail,4500,1979,CBES T24 1978,,,,,
21253,21253.xml,1,Retail,2263,1993,CBES T24 1992,,,,,
21291,21291.xml,1,Retail,800,1928,CBES Pre-1978,,,,,
21299,21299.xml,1,Retail,2325,1999,CBES T24 1992,,,,,
21332,21332.xml,1,Office,5305,1916,CBES Pre-1978,,,,,
21350,21350.xml,1,Retail,2175,2003,CBES T24 2001,,,,,
21361,21361.xml,1,Retail,2736,1975,CBES Pre-1978,,,,,
21405,21405.xml,1,Retail,2173,2001,CBES T24 2001,,,,,
21538,21538.xml,1,Retail,4738,1998,CBES T24 1992,,,,,
21550,21550.xml,1,Retail,1600,1999,CBES T24 1992,,,,,
21586,21586.xml,1,Retail,2272,2001,CBES T24 2001,,,,,
21604,21604.xml,1,Retail,1850,2004,CBES T24 2001,,,,,
21609,21609.xml,1,Office,4500,1900,CBES Pre-1978,,,,,
21643,21643.xml,1,Retail,2275,2011,CBES T24 2008,,,,,
21658,21658.xml,1,Office,2360,1928,CBES Pre-1978,,,,,
21675,21675.xml,1,Retail,1670,1902,CBES Pre-1978,,,,,
21813,21813.xml,1,Retail,4500,2001,CBES T24 2001,,,,,
21858,21858.xml,1,Retail,2000,2011,CBES T24 2008,,,,,
21930,21930.xml,1,Office,9700,2015,CBES T24 2008,,,,,
22020,22020.xml,1,Office,11174,2005,CBES T24 2005,,,,,
22021,22021.xml,1,Retail,3230,1999,CBES T24 1992,,,,,
22088,22088.xml,1,Retail,2250,1996,CBES T24 1992,,,,,
22100,22100.xml,1,Office,3087,1959,CBES Pre-1978,,,,,
22102,22102.xml,1,Office,850,1937,CBES Pre-1978,,,,,
22168,22168.xml,1,Retail,2250,1924,CBES Pre-1978,,,,,
22197,22197.xml,1,Office,3768,2014,CBES T24 2008,,,,,
22297,22297.xml,1,Retail,1940,1906,CBES Pre-1978,,,,,
22313,22313.xml,1,Office,4500,2008,CBES T24 2008,,,,,
22349,22349.xml,1,Retail,2250,1906,CBES Pre-1978,,,,,
22373,22373.xml,1,Retail,2250,2001,CBES T24 2001,,,,,
22390,22390.xml,1,Retail,2600,1926,CBES Pre-1978,,,,,
22425,22425.xml,1,Retail,2632,2006,CBES T24 2005,,,,,
22442,22442.xml,1,Retail,3270,1994,CBES T24 1992,,,,,
22457,22457.xml,1,Retail,7174,1907,CBES Pre-1978,,,,,
22524,22524.xml,1,Retail,2250,2006,CBES T24 2005,,,,,
22572,22572.xml,1,Retail,5156,1900,CBES Pre-1978,,,,,
22576,22576.xml,1,Retail,1480,2008,CBES T24 2008,,,,,
22669,22669.xml,1,Retail,1815,2011,CBES T24 2008,,,,,
22878,22878.xml,1,Retail,2250,1998,CBES T24 1992,,,,,
22894,22894.xml,1,Retail,5460,2006,CBES T24 2005,,,,,
22961,22961.xml,1,Office,6375,2006,CBES T24 2005,,,,,
23061,23061.xml,1,Retail,5190,2015,CBES T24 2008,,,,,
23083,23083.xml,1,Office,2794,2014,CBES T24 2008,,,,,
23099,23099.xml,1,Office,7500,2006,CBES T24 2005,,,,,
23100,23100.xml,1,Office,6122,1907,CBES Pre-1978,,,,,
23106,23106.xml,1,Retail,1920,2007,CBES T24 2005,,,,,
23120,23120.xml,1,Retail,2250,2000,CBES T24 1992,,,,,
23216,23216.xml,1,Retail,1325,1995,CBES T24 1992,,,,,
23446,23446.xml,1,Retail,6900,1998,CBES T24 1992,,,,,
23465,23465.xml,1,Retail,2087,1996,CBES T24 1992,,,,,
23470,23470.xml,1,Retail,1800,1996,CBES T24 1992,,,,,
23559,23559.xml,1,Office,4500,2007,CBES T24 2005,,,,,
23602,23602.xml,1,Retail,1804,1995,CBES T24 1992,,,,,
23621,23621.xml,1,Retail,2112,2001,CBES T24 2001,,,,,
23645,23645.xml,1,Retail,2310,1996,CBES T24 1992,,,,,
23764,23764.xml,1,Retail,2660,1923,CBES Pre-1978,,,,,
23802,23802.xml,1,Retail,4080,1906,CBES Pre-1978,,,,,
23860,23860.xml,1,Retail,3750,2007,CBES T24 2005,,,,,
23879,23879.xml,1,Office,1950,1996,CBES T24 1992,,,,,
24005,24005.xml,1,Retail,2062,1922,CBES Pre-1978,,,,,
24029,24029.xml,1,Retail,6150,2007,CBES T24 2005,,,,,
24134,24134.xml,1,Retail,3626,1914,CBES Pre-1978,,,,,
24135,24135.xml,1,Retail,2040,1950,CBES Pre-1978,,,,,
24149,24149.xml,1,Office,3067,2007,CBES T24 2005,,,,,
24194,24194.xml,1,Office,6448,2007,CBES T24 2005,,,,,
24243,24243.xml,1,Retail,2625,2007,CBES T24 2005,,,,,
24304,24304.xml,1,Office,4325,2016,CBES T24 2008,,,,,
24390,24390.xml,1,Office,4021,1917,CBES Pre-1978,,,,,
24405,24405.xml,1,Retail,3250,2011,CBES T24 2008,,,,,
24444,24444.xml,1,Retail,2015,1998,CBES T24 1992,,,,,
24469,24469.xml,1,Retail,1525,1998,CBES T24 1992,,,,,
24470,24470.xml,1,Office,6550,2010,CBES T24 2008,,,,,
24537,24537.xml,1,Retail,2889,1946,CBES Pre-1978,,,,,
24615,24615.xml,1,Retail,2700,1995,CBES T24 1992,,,,,
24624,24624.xml,1,Office,3325,2008,CBES T24 2008,,,,,
24646,24646.xml,1,Office,2427,2013,CBES T24 2008,,,,,
24693,24693.xml,1,Retail,4200,2011,CBES T24 2008,,,,,
24833,24833.xml,1,Retail,2066,1948,CBES Pre-1978,,,,,
24834,24834.xml,1,Retail,2125,1995,CBES T24 1992,,,,,
24854,24854.xml,1,Retail,1680,2000,CBES T24 1992,,,,,
24960,24960.xml,1,Retail,6840,1998,CBES T24 1992,,,,,
25261,25261.xml,1,Retail,2087,1925,CBES Pre-1978,,,,,
25333,25333.xml,1,Retail,2875,1907,CBES Pre-1978,,,,,
25408,25408.xml,1,Retail,3650,2002,CBES T24 2001,,,,,
25453,25453.xml,1,Retail,2700,2015,CBES T24 2008,,,,,
25482,25482.xml,1,Retail,2087,2012,CBES T24 2008,,,,,
25552,25552.xml,1,Retail,2000,1923,CBES Pre-1978,,,,,
25556,25556.xml,1,Retail,4497,2013,CBES T24 2008,,,,,
25578,25578.xml,1,Retail,4100,1930,CBES Pre-1978,,,,,
25601,25601.xml,1,Office,1720,1923,CBES Pre-1978,,,,,
25681,25681.xml,1,Retail,2369,1997,CBES T24 1992,,,,,
25716,25716.xml,1,Retail,2062,1999,CBES T24 1992,,,,,
25785,25785.xml,1,Retail,300,1945,CBES Pre-1978,,,,,
25799,25799.xml,1,Office,3000,1984,CBES T24 1978,,,,,
25881,25881.xml,1,Retail,2000,1929,CBES Pre-1978,,,,,
25935,25935.xml,1,Office,2500,2007,CBES T24 2005,,,,,
25947,25947.xml,1,Retail,7626,1907,CBES Pre-1978,,,,,
25958,25958.xml,1,Retail,1350,1997,CBES T24 1992,,,,,
25988,25988.xml,1,Retail,1735,1998,CBES T24 1992,,,,,
26064,26064.xml,1,Office,7298,1906,CBES Pre-1978,,,,,
26219,26219.xml,1,Retail,2600,2010,CBES T24 2008,,,,,
26221,26221.xml,1,Retail,1875,2000,CBES T24 1992,,,,,
26313,26313.xml,1,Office,7599,1905,CBES Pre-1978,,,,,
26347,26347.xml,1,Retail,2550,2005,CBES T24 2005,,,,,
26422,26422.xml,1,Retail,3750,1907,CBES Pre-1978,,,,,
26589,26589.xml,1,Retail,3760,1916,CBES Pre-1978,,,,,
26642,26642.xml,1,Office,2000,2001,CBES T24 2001,,,,,
26691,26691.xml,1,Retail,4308,1998,CBES T24 1992,,,,,
26738,26738.xml,1,Retail,1618,1926,CBES Pre-1978,,,,,
26757,26757.xml,1,Retail,2000,2000,CBES T24 1992,,,,,
26806,26806.xml,1,Retail,2075,1946,CBES Pre-1978,,,,,
26856,26856.xml,1,Retail,2000,2013,CBES T24 2008,,,,,
26879,26879.xml,1,Office,1080,2004,CBES T24 2001,,,,,
26904,26904.xml,1,Retail,2275,2007,CBES T24 2005,,,,,
26921,26921.xml,1,Retail,5776,2006,CBES T24 2005,,,,,
26977,26977.xml,1,Retail,2246,1925,CBES Pre-1978,,,,,
26980,26980.xml,1,Office,18312,2006,CBES T24 2005,145,263,52.99043062,92.00956938,2015
27169,27169.xml,1,Retail,3835,1996,CBES T24 1992,,,,,
27271,27271.xml,1,Retail,3942,1992,CBES T24 1992,,,,,
27369,27369.xml,1,Retail,3657,2002,CBES T24 2001,,,,,
27524,27524.xml,1,Retail,3900,1934,CBES Pre-1978,,,,,
27586,27586.xml,1,Retail,6168,2010,CBES T24 2008,,,,,
27588,27588.xml,1,Retail,5310,2015,CBES T24 2008,,,,,
27600,27600.xml,1,Retail,2087,1996,CBES T24 1992,,,,,
27711,27711.xml,1,Retail,1782,1999,CBES T24 1992,,,,,
27715,27715.xml,1,Retail,1558,2009,CBES T24 2008,,,,,
27761,27761.xml,1,Office,9001,2000,CBES T24 1992,,,,,
27805,27805.xml,1,Office,3130,2014,CBES T24 2008,,,,,
27818,27818.xml,1,Retail,1716,2000,CBES T24 1992,,,,,
27834,27834.xml,1,Retail,2000,1918,CBES Pre-1978,,,,,
27847,27847.xml,1,Retail,1825,2000,CBES T24 1992,,,,,
27905,27905.xml,1,Retail,2192,2004,CBES T24 2001,,,,,
28040,28040.xml,1,Office,4000,1900,CBES Pre-1978,,,,,
28070,28070.xml,1,Office,2160,2003,CBES T24 2001,,,,,
28120,28120.xml,1,Office,5750,1999,CBES T24 1992,,,,,
28211,28211.xml,1,Office,1268,1995,CBES T24 1992,,,,,
28212,28212.xml,1,Office,1995,1940,CBES Pre-1978,,,,,
28277,28277.xml,1,Retail,4000,1951,CBES Pre-1978,,,,,
28397,28397.xml,1,Office,3768,1950,CBES Pre-1978,,,,,
28523,28523.xml,1,Retail,3432,2000,CBES T24 1992,,,,,
28541,28541.xml,1,Retail,2025,1931,CBES Pre-1978,,,,,
28562,28562.xml,1,Retail,4525,2003,CBES T24 2001,,,,,
28728,28728.xml,1,Retail,4406,2000,CBES T24 1992,,,,,
28741,28741.xml,1,Office,11113,2015,CBES T24 2008,38,90,23.97129187,14.02870813,2015
28773,28773.xml,1,Retail,2971,1906,CBES Pre-1978,,,,,
28817,28817.xml,1,Retail,3150,2002,CBES T24 2001,,,,,
28875,28875.xml,1,Retail,2100,2003,CBES T24 2001,,,,,
28923,28923.xml,1,Retail,4000,2007,CBES T24 2005,,,,,
29038,29038.xml,1,Retail,1620,2000,CBES T24 1992,,,,,
29058,29058.xml,1,Retail,5445,1908,CBES Pre-1978,,,,,
29181,29181.xml,1,Retail,2000,1940,CBES Pre-1978,,,,,
29205,29205.xml,1,Retail,1935,1958,CBES Pre-1978,,,,,
29217,29217.xml,1,Retail,2000,2000,CBES T24 1992,,,,,
29499,29499.xml,1,Office,3200,2013,CBES T24 2008,,,,,
29542,29542.xml,1,Retail,2000,1994,CBES T24 1992,,,,,
29629,29629.xml,1,Retail,1350,1948,CBES Pre-1978,,,,,
29644,29644.xml,1,Office,7200,2009,CBES T24 2008,,,,,
29782,29782.xml,1,Retail,384,2015,CBES T24 2008,,,,,
29902,29902.xml,1,Retail,2000,1998,CBES T24 1992,,,,,
29905,29905.xml,1,Office,1975,2014,CBES T24 2008,,,,,
29983,29983.xml,1,Retail,3594,1978,CBES T24 1978,,,,,
30134,30134.xml,1,Office,3809,2006,CBES T24 2005,,,,,
30301,30301.xml,1,Retail,1375,1999,CBES T24 1992,,,,,
30383,30383.xml,1,Office,1091,1994,CBES T24 1992,,,,,
30440,30440.xml,1,Office,2900,2001,CBES T24 2001,,,,,
30508,30508.xml,1,Retail,2000,1999,CBES T24 1992,,,,,
30561,30561.xml,1,Retail,3670,1997,CBES T24 1992,,,,,
30681,30681.xml,1,Office,3750,1900,CBES Pre-1978,,,,,
30728,30728.xml,1,Retail,10000,2013,CBES T24 2008,,,,,
30757,30757.xml,1,Retail,1927,1918,CBES Pre-1978,,,,,
30763,30763.xml,1,Retail,8150,2004,CBES T24 2001,,,,,
30832,30832.xml,1,Retail,3500,1997,CBES T24 1992,,,,,
30843,30843.xml,1,Office,3314,1963,CBES Pre-1978,,,,,
30889,30889.xml,1,Office,7840,1969,CBES Pre-1978,,,,,
31203,31203.xml,1,Retail,5820,1912,CBES Pre-1978,,,,,
31230,31230.xml,1,Retail,2453,1997,CBES T24 1992,,,,,
31253,31253.xml,1,Retail,3020,2005,CBES T24 2005,,,,,
31306,31306.xml,1,Office,4660,2001,CBES T24 2001,,,,,
31315,31315.xml,1,Retail,1912,2004,CBES T24 2001,,,,,
31410,31410.xml,1,Office,2100,1928,CBES Pre-1978,,,,,
31467,31467.xml,1,Retail,1750,1948,CBES Pre-1978,,,,,
31489,31489.xml,1,Retail,533,1948,CBES Pre-1978,,,,,
31537,31537.xml,1,Retail,1810,1996,CBES T24 1992,,,,,
31673,31673.xml,1,Office,2650,1900,CBES Pre-1978,,,,,
31825,31825.xml,1,Retail,1652,2015,CBES T24 2008,,,,,
31996,31996.xml,1,Retail,192,2015,CBES T24 2008,,,,,
32006,32006.xml,1,Office,3625,2015,CBES T24 2008,,,,,
32131,32131.xml,1,Retail,1875,2001,CBES T24 2001,,,,,
32306,32306.xml,1,Retail,1740,2015,CBES T24 2008,,,,,
32357,32357.xml,1,Office,4650,1909,CBES Pre-1978,,,,,
32375,32375.xml,1,Retail,3600,1997,CBES T24 1992,,,,,
32453,32453.xml,1,Retail,1663,1947,CBES Pre-1978,,,,,
32466,32466.xml,1,Office,3641,2013,CBES T24 2008,,,,,
32501,32501.xml,1,Office,3594,2013,CBES T24 2008,,,,,
32542,32542.xml,1,Office,6576,2003,CBES T24 2001,,,,,
32653,32653.xml,1,Retail,1725,2002,CBES T24 2001,,,,,
32666,32666.xml,1,Retail,2079,2001,CBES T24 2001,,,,,
32693,32693.xml,1,Retail,3674,1922,CBES Pre-1978,,,,,
32995,32995.xml,1,Office,4670,2003,CBES T24 2001,,,,,
33019,33019.xml,1,Retail,1750,1996,CBES T24 1992,,,,,
33066,33066.xml,1,Retail,2950,1994,CBES T24 1992,,,,,
33080,33080.xml,1,Retail,2100,2002,CBES T24 2001,,,,,
33368,33368.xml,1,Office,1882,1902,CBES Pre-1978,,,,,
33439,33439.xml,1,Office,4000,2007,CBES T24 2005,,,,,
33550,33550.xml,1,Office,2611,1984,CBES T24 1978,,,,,
33572,33572.xml,1,Retail,4930,2014,CBES T24 2008,,,,,
33615,33615.xml,1,Retail,1900,2008,CBES T24 2008,,,,,
33676,33676.xml,1,Office,5628,2014,CBES T24 2008,,,,,
33729,33729.xml,1,Retail,4220,1908,CBES Pre-1978,,,,,
33755,33755.xml,1,Office,1376,1951,CBES Pre-1978,,,,,
33766,33766.xml,1,Office,4700,2012,CBES T24 2008,,,,,
33794,33794.xml,1,Retail,1720,1923,CBES Pre-1978,,,,,
33966,33966.xml,1,Retail,1932,1922,CBES Pre-1978,,,,,
34015,34015.xml,1,Retail,2000,2005,CBES T24 2005,,,,,
34088,34088.xml,1,Retail,3470,2015,CBES T24 2008,,,,,
34234,34234.xml,1,Retail,5150,2012,CBES T24 2008,,,,,
34254,34254.xml,1,Retail,2150,2013,CBES T24 2008,,,,,
34322,34322.xml,1,Retail,4160,1922,CBES Pre-1978,,,,,
34387,34387.xml,1,Office,3261,1998,CBES T24 1992,,,,,
34477,34477.xml,1,Retail,5829,2014,CBES T24 2008,,,,,
34688,34688.xml,1,Retail,1470,1945,CBES Pre-1978,,,,,
34698,34698.xml,1,Office,3500,2015,CBES T24 2008,,,,,
34858,34858.xml,1,Retail,3808,1999,CBES T24 1992,,,,,
35039,35039.xml,1,Retail,1750,1927,CBES Pre-1978,,,,,
35127,35127.xml,1,Office,5625,2011,CBES T24 2008,,,,,
35263,35263.xml,1,Retail,4110,2000,CBES T24 1992,,,,,
35279,35279.xml,1,Retail,2562,1999,CBES T24 1992,,,,,
35455,35455.xml,1,Office,3500,2013,CBES T24 2008,,,,,
35554,35554.xml,1,Retail,3250,1948,CBES Pre-1978,,,,,
35646,35646.xml,1,Office,6932,1998,CBES T24 1992,,,,,
35997,35997.xml,1,Retail,3000,1922,CBES Pre-1978,,,,,
36062,36062.xml,1,Retail,5898,1907,CBES Pre-1978,,,,,
36483,36483.xml,1,Office,5175,2012,CBES T24 2008,,,,,
36610,36610.xml,1,Office,2234,2014,CBES T24 2008,,,,,
36818,36818.xml,1,Retail,1550,2011,CBES T24 2008,,,,,
36856,36856.xml,1,Retail,2572,1999,CBES T24 1992,,,,,
36892,36892.xml,1,Retail,1360,2011,CBES T24 2008,,,,,
36982,36982.xml,1,Retail,1700,2012,CBES T24 2008,,,,,
37046,37046.xml,1,Retail,8243,2008,CBES T24 2008,,,,,
37244,37244.xml,1,Retail,1750,2009,CBES T24 2008,,,,,
37430,37430.xml,1,Retail,1660,1998,CBES T24 1992,,,,,
37517,37517.xml,1,Retail,1320,1999,CBES T24 1992,,,,,
37716,37716.xml,1,Retail,2090,1999,CBES T24 1992,,,,,
37722,37722.xml,1,Retail,1840,2010,CBES T24 2008,,,,,
37748,37748.xml,1,Retail,1500,1925,CBES Pre-1978,,,,,
37860,37860.xml,1,Retail,3300,2003,CBES T24 2001,,,,,
37962,37962.xml,1,Office,3000,2002,CBES T24 2001,,,,,
37996,37996.xml,1,Retail,2250,2015,CBES T24 2008,,,,,
38064,38064.xml,1,Retail,1700,2004,CBES T24 2001,,,,,
38075,38075.xml,1,Retail,1500,2001,CBES T24 2001,,,,,
38107,38107.xml,1,Office,5454,2007,CBES T24 2005,,,,,
38237,38237.xml,1,Retail,2364,1995,CBES T24 1992,,,,,
38285,38285.xml,1,Retail,2648,1969,CBES Pre-1978,,,,,
38380,38380.xml,1,Retail,3438,1995,CBES T24 1992,,,,,
38406,38406.xml,1,Retail,1980,1996,CBES T24 1992,,,,,
38443,38443.xml,1,Office,1838,2003,CBES T24 2001,,,,,
38725,38725.xml,1,Retail,1950,1998,CBES T24 1992,,,,,
39026,39026.xml,1,Retail,5985,2012,CBES T24 2008,,,,,
39134,39134.xml,1,Office,1750,1924,CBES Pre-1978,,,,,
39157,39157.xml,1,Retail,3410,2007,CBES T24 2005,,,,,
39342,39342.xml,1,Office,1206,2013,CBES T24 2008,,,,,
39354,39354.xml,1,Retail,1930,1933,CBES Pre-1978,,,,,
39360,39360.xml,1,Retail,1193,1947,CBES Pre-1978,,,,,
39405,39405.xml,1,Office,1415,2011,CBES T24 2008,,,,,
39639,39639.xml,1,Retail,1375,2009,CBES T24 2008,,,,,
39799,39799.xml,1,Retail,3582,1997,CBES T24 1992,,,,,
39927,39927.xml,1,Retail,3600,1995,CBES T24 1992,,,,,
40003,40003.xml,1,Office,6000,2014,CBES T24 2008,,,,,
40109,40109.xml,1,Retail,2000,1915,CBES Pre-1978,,,,,
40185,40185.xml,1,Office,5250,2005,CBES T24 2005,,,,,
40489,40489.xml,1,Retail,1662,2006,CBES T24 2005,,,,,
40521,40521.xml,1,Retail,4829,1907,CBES Pre-1978,,,,,
40761,40761.xml,1,Office,3520,2014,CBES T24 2008,,,,,
40774,40774.xml,1,Retail,1625,1939,CBES Pre-1978,,,,,
41016,41016.xml,1,Retail,1250,2016,CBES T24 2008,,,,,
41077,41077.xml,1,Office,5175,1994,CBES T24 1992,,,,,
41325,41325.xml,1,Retail,850,1996,CBES T24 1992,,,,,
41489,41489.xml,1,Office,2675,1948,CBES Pre-1978,,,,,
41595,41595.xml,1,Retail,4727,1908,CBES Pre-1978,,,,,
41678,41678.xml,1,Office,1750,2000,CBES T24 1992,,,,,
41756,41756.xml,1,Office,2075,2007,CBES T24 2005,,,,,
41871,41871.xml,1,Office,5181,2012,CBES T24 2008,,,,,
41967,41967.xml,1,Retail,7640,1907,CBES Pre-1978,,,,,
42026,42026.xml,1,Retail,3620,1987,CBES T24 1978,,,,,
42142,42142.xml,1,Retail,684,1900,CBES Pre-1978,,,,,
42263,42263.xml,1,Retail,2100,1940,CBES Pre-1978,,,,,
42273,42273.xml,1,Retail,3276,1900,CBES Pre-1978,,,,,
42480,42480.xml,1,Retail,1472,1921,CBES Pre-1978,,,,,
42548,42548.xml,1,Retail,2288,2010,CBES T24 2008,,,,,
42573,42573.xml,1,Retail,1600,1997,CBES T24 1992,,,,,
42877,42877.xml,1,Retail,1392,1923,CBES Pre-1978,,,,,
42947,42947.xml,1,Retail,1518,1971,CBES Pre-1978,,,,,
43253,43253.xml,1,Retail,2070,1929,CBES Pre-1978,,,,,
43409,43409.xml,1,Retail,2075,2014,CBES T24 2008,,,,,
43415,43415.xml,1,Retail,1750,1999,CBES T24 1992,,,,,
44086,44086.xml,1,Retail,1625,1996,CBES T24 1992,,,,,
44338,44338.xml,1,Retail,1580,2002,CBES T24 2001,,,,,
44464,44464.xml,1,Retail,1715,1972,CBES Pre-1978,,,,,
44565,44565.xml,1,Retail,2600,2004,CBES T24 2001,,,,,
44826,44826.xml,1,Retail,1472,1912,CBES Pre-1978,,,,,
44915,44915.xml,1,Retail,3300,1936,CBES Pre-1978,,,,,
45546,45546.xml,1,Office,316,2007,CBES T24 2005,,,,,
45578,45578.xml,1,Retail,1595,1936,CBES Pre-1978,,,,,
45942,45942.xml,1,Retail,2254,1922,CBES Pre-1978,,,,,
46496,46496.xml,1,Office,11044,1999,CBES T24 1992,213,365,67.63157895,145.3684211,2015
46792,46792.xml,1,Retail,1750,1908,CBES Pre-1978,,,,,
46862,46862.xml,1,Retail,3520,1908,CBES Pre-1978,,,,,
47118,47118.xml,1,Retail,7413,1909,CBES Pre-1978,,,,,
47353,47353.xml,1,Retail,1921,2002,CBES T24 2001,,,,,
47357,47357.xml,1,Retail,2000,2014,CBES T24 2008,,,,,
47577,47577.xml,1,Retail,10650,2012,CBES T24 2008,,,,,
47735,47735.xml,1,Retail,1500,2004,CBES T24 2001,,,,,
47873,47873.xml,1,Office,1380,1950,CBES Pre-1978,,,,,
48148,48148.xml,1,Retail,2166,2014,CBES T24 2008,,,,,
48341,48341.xml,1,Retail,1599,1907,CBES Pre-1978,,,,,
48970,48970.xml,1,Retail,4534,2014,CBES T24 2008,,,,,
49857,49857.xml,1,Office,1600,1921,CBES Pre-1978,,,,,
49858,49858.xml,1,Office,2550,1948,CBES Pre-1978,,,,,
50771,50771.xml,1,Retail,1450,1916,CBES Pre-1978,,,,,
50798,50798.xml,1,Retail,5646,2015,CBES T24 2008,,,,,
50885,50885.xml,1,Office,16630,1906,CBES Pre-1978,,,,,
50933,50933.xml,1,Retail,1387,1997,CBES T24 1992,,,,,
51142,51142.xml,1,Retail,1632,2007,CBES T24 2005,,,,,
51293,51293.xml,1,Office,5307,2007,CBES T24 2005,,,,,
51496,51496.xml,1,Office,2822,1967,CBES Pre-1978,,,,,
51774,51774.xml,1,Office,417,2010,CBES T24 2008,,,,,
51803,51803.xml,1,Retail,2992,1912,CBES Pre-1978,,,,,
52352,52352.xml,1,Retail,2855,1998,CBES T24 1992,,,,,
52449,52449.xml,1,Retail,825,1995,CBES T24 1992,,,,,
52602,52602.xml,1,Retail,4737,2008,CBES T24 2008,,,,,
52749,52749.xml,1,Retail,4176,2003,CBES T24 2001,,,,,
52782,52782.xml,1,Office,4302,1958,CBES Pre-1978,,,,,
52914,52914.xml,1,Retail,2100,2003,CBES T24 2001,,,,,
53033,53033.xml,1,Office,7533,2010,CBES T24 2008,,,,,
53204,53204.xml,1,Retail,2305,1999,CBES T24 1992,,,,,
53206,53206.xml,1,Retail,2037,2001,CBES T24 2001,,,,,
53348,53348.xml,1,Office,5124,1907,CBES Pre-1978,,,,,
53852,53852.xml,1,Retail,5085,1998,CBES T24 1992,,,,,
54045,54045.xml,1,Retail,1652,2002,CBES T24 2001,,,,,
54066,54066.xml,1,Retail,5055,2014,CBES T24 2008,,,,,
54399,54399.xml,1,Office,3150,2006,CBES T24 2005,,,,,
54473,54473.xml,1,Retail,3700,1927,CBES Pre-1978,,,,,
55064,55064.xml,1,Retail,1535,1913,CBES Pre-1978,,,,,
55072,55072.xml,1,Retail,4480,1995,CBES T24 1992,,,,,
55386,55386.xml,1,Retail,2825,2012,CBES T24 2008,,,,,
55525,55525.xml,1,Retail,2200,2010,CBES T24 2008,,,,,
56110,56110.xml,1,Retail,1620,2000,CBES T24 1992,,,,,
56199,56199.xml,1,Retail,1320,2002,CBES T24 2001,,,,,
57351,57351.xml,1,Retail,3985,2006,CBES T24 2005,,,,,
57362,57362.xml,1,Retail,1333,2001,CBES T24 2001,,,,,
57375,57375.xml,1,Retail,2500,1996,CBES T24 1992,,,,,
57433,57433.xml,1,Retail,1500,1999,CBES T24 1992,,,,,
57851,57851.xml,1,Office,3000,2001,CBES T24 2001,,,,,
57916,57916.xml,1,Retail,4641,1907,CBES Pre-1978,,,,,
58170,58170.xml,1,Office,2840,1998,CBES T24 1992,,,,,
58796,58796.xml,1,Retail,3913,1906,CBES Pre-1978,,,,,
58948,58948.xml,1,Retail,1712,1900,CBES Pre-1978,,,,,
59356,59356.xml,1,Retail,1600,2003,CBES T24 2001,,,,,
59412,59412.xml,1,Retail,1675,2000,CBES T24 1992,,,,,
60048,60048.xml,1,Retail,1595,2011,CBES T24 2008,,,,,
60332,60332.xml,1,Retail,1467,1921,CBES Pre-1978,,,,,
60720,60720.xml,1,Retail,4012,2007,CBES T24 2005,,,,,
60887,60887.xml,1,Retail,1359,2014,CBES T24 2008,,,,,
60940,60940.xml,1,Retail,1600,1999,CBES T24 1992,,,,,
61034,61034.xml,1,Retail,1590,2008,CBES T24 2008,,,,,
62081,62081.xml,1,Retail,1262,1932,CBES Pre-1978,,,,,
62097,62097.xml,1,Office,6500,2008,CBES T24 2008,,,,,
62115,62115.xml,1,Retail,1800,1996,CBES T24 1992,,,,,
62377,62377.xml,1,Retail,3220,2015,CBES T24 2008,,,,,
62561,62561.xml,1,Retail,1550,1997,CBES T24 1992,,,,,
64234,64234.xml,1,Retail,1396,1909,CBES Pre-1978,,,,,
64324,64324.xml,1,Retail,1500,1946,CBES Pre-1978,,,,,
64424,64424.xml,1,Office,2400,2014,CBES T24 2008,,,,,
64459,64459.xml,1,Retail,1651,1941,CBES Pre-1978,,,,,
64861,64861.xml,1,Retail,1425,1997,CBES T24 1992,,,,,
65701,65701.xml,1,Retail,1500,2004,CBES T24 2001,,,,,
65841,65841.xml,1,Retail,1400,1912,CBES Pre-1978,,,,,
66577,66577.xml,1,Retail,3374,2012,CBES T24 2008,,,,,
67137,67137.xml,1,Office,3300,2009,CBES T24 2008,,,,,
67236,67236.xml,1,Retail,2725,2003,CBES T24 2001,,,,,
67314,67314.xml,1,Office,3483,1997,CBES T24 1992,,,,,
70453,70453.xml,1,Retail,1192,1975,CBES Pre-1978,,,,,
70678,70678.xml,1,Office,2634,2007,CBES T24 2005,,,,,
71044,71044.xml,1,Retail,4050,1907,CBES Pre-1978,,,,,
71251,71251.xml,1,Retail,2970,2015,CBES T24 2008,,,,,
71394,71394.xml,1,Retail,1368,1980,CBES T24 1978,,,,,
71538,71538.xml,1,Retail,1644,1906,CBES Pre-1978,,,,,
72065,72065.xml,1,Retail,1640,2004,CBES T24 2001,,,,,
72241,72241.xml,1,Office,5752,1999,CBES T24 1992,,,,,
72252,72252.xml,1,Retail,4005,2000,CBES T24 1992,,,,,
72431,72431.xml,1,Office,10605,2008,CBES T24 2008,,,,,
72549,72549.xml,1,Retail,954,2005,CBES T24 2005,,,,,
72794,72794.xml,1,Retail,1850,1999,CBES T24 1992,,,,,
73172,73172.xml,1,Retail,1500,2007,CBES T24 2005,,,,,
73860,73860.xml,1,Retail,4386,1909,CBES Pre-1978,,,,,
74165,74165.xml,1,Retail,2025,1926,CBES Pre-1978,,,,,
74335,74335.xml,1,Retail,960,2006,CBES T24 2005,,,,,
74879,74879.xml,1,Office,4665,1996,CBES T24 1992,,,,,
75852,75852.xml,1,Office,4050,2009,CBES T24 2008,,,,,
76458,76458.xml,1,Retail,9350,2000,CBES T24 1992,,,,,
76634,76634.xml,1,Office,2750,1995,CBES T24 1992,,,,,
77768,77768.xml,1,Retail,5371,1912,CBES Pre-1978,,,,,
78615,78615.xml,1,Retail,1200,1998,CBES T24 1992,,,,,
78745,78745.xml,1,Retail,4275,1998,CBES T24 1992,,,,,
79952,79952.xml,1,Retail,1175,1995,CBES T24 1992,,,,,
80129,80129.xml,1,Retail,1100,1995,CBES T24 1992,,,,,
80138,80138.xml,1,Retail,1974,2001,CBES T24 2001,,,,,
81577,81577.xml,1,Retail,1200,1933,CBES Pre-1978,,,,,
81750,81750.xml,1,Office,2420,1999,CBES T24 1992,,,,,
82369,82369.xml,1,Retail,4320,1996,CBES T24 1992,,,,,
82562,82562.xml,1,Office,1250,2008,CBES T24 2008,,,,,
82863,82863.xml,1,Retail,883,1930,CBES Pre-1978,,,,,
83397,83397.xml,1,Retail,1550,1907,CBES Pre-1978,,,,,
84150,84150.xml,1,Retail,1340,1995,CBES T24 1992,,,,,
84184,84184.xml,1,Retail,4021,1910,CBES Pre-1978,,,,,
84196,84196.xml,1,Retail,1232,2008,CBES T24 2008,,,,,
84219,84219.xml,1,Retail,1375,1905,CBES Pre-1978,,,,,
84777,84777.xml,1,Office,3955,2000,CBES T24 1992,,,,,
85660,85660.xml,1,Retail,1332,2010,CBES T24 2008,,,,,
85727,85727.xml,1,Retail,1250,2000,CBES T24 1992,,,,,
85845,85845.xml,1,Retail,5060,2014,CBES T24 2008,,,,,
85899,85899.xml,1,Retail,1197,2015,CBES T24 2008,,,,,
86162,86162.xml,1,Office,2900,1999,CBES T24 1992,,,,,
86575,86575.xml,1,Retail,2824,2009,CBES T24 2008,,,,,
87536,87536.xml,1,Retail,2366,1900,CBES Pre-1978,,,,,
87997,87997.xml,1,Office,2822,2011,CBES T24 2008,,,,,
88801,88801.xml,1,Office,1425,1922,CBES Pre-1978,,,,,
88892,88892.xml,1,Retail,2700,1995,CBES T24 1992,,,,,
89000,89000.xml,1,Retail,2958,1922,CBES Pre-1978,,,,,
89148,89148.xml,1,Office,2200,1999,CBES T24 1992,,,,,
89471,89471.xml,1,Retail,1175,2014,CBES T24 2008,,,,,
89659,89659.xml,1,Retail,2500,1970,CBES Pre-1978,,,,,
91900,91900.xml,1,Office,9709,1999,CBES T24 1992,,,,,
92077,92077.xml,1,Retail,1200,1923,CBES Pre-1978,,,,,
92196,92196.xml,1,Retail,3313,2011,CBES T24 2008,,,,,
93713,93713.xml,1,Retail,2000,1996,CBES T24 1992,,,,,
93818,93818.xml,1,Retail,4719,2011,CBES T24 2008,,,,,
93948,93948.xml,1,Retail,1333,2000,CBES T24 1992,,,,,
94625,94625.xml,1,Office,4536,2013,CBES T24 2008,,,,,
95389,95389.xml,1,Office,3400,1922,CBES Pre-1978,,,,,
95859,95859.xml,1,Retail,1500,1996,CBES T24 1992,,,,,
96282,96282.xml,1,Retail,1088,2011,CBES T24 2008,,,,,
96450,96450.xml,1,Retail,2630,1900,CBES Pre-1978,,,,,
98996,98996.xml,1,Retail,1188,1994,CBES T24 1992,,,,,
99017,99017.xml,1,Retail,1150,1920,CBES Pre-1978,,,,,
99814,99814.xml,1,Retail,4800,2008,CBES T24 2008,,,,,
99913,99913.xml,1,Retail,2554,2005,CBES T24 2005,,,,,
100484,100484.xml,1,Retail,1130,2007,CBES T24 2005,,,,,
100494,100494.xml,1,Retail,2340,1920,CBES Pre-1978,,,,,
100722,100722.xml,1,Retail,4232,1997,CBES T24 1992,,,,,
100979,100979.xml,1,Retail,830,2015,CBES T24 2008,,,,,
102702,102702.xml,1,Retail,1144,2003,CBES T24 2001,,,,,
102765,102765.xml,1,Retail,2090,2011,CBES T24 2008,,,,,
102924,102924.xml,1,Office,1920,2007,CBES T24 2005,,,,,
103651,103651.xml,1,Retail,2226,2008,CBES T24 2008,,,,,
103776,103776.xml,1,Retail,1956,2015,CBES T24 2008,,,,,
103904,103904.xml,1,Retail,1150,2008,CBES T24 2008,,,,,
104027,104027.xml,1,Office,2460,1979,CBES T24 1978,,,,,
104590,104590.xml,1,Office,3125,1900,CBES Pre-1978,,,,,
104711,104711.xml,1,Retail,3925,2003,CBES T24 2001,,,,,
104998,104998.xml,1,Retail,1320,1995,CBES T24 1992,,,,,
108059,108059.xml,1,Retail,500,2010,CBES T24 2008,,,,,
108089,108089.xml,1,Retail,1248,2002,CBES T24 2001,,,,,
108492,108492.xml,1,Retail,1172,1997,CBES T24 1992,,,,,
108885,108885.xml,1,Retail,875,2003,CBES T24 2001,,,,,
109024,109024.xml,1,Retail,2346,1975,CBES Pre-1978,,,,,
109587,109587.xml,1,Office,3300,1998,CBES T24 1992,,,,,
109840,109840.xml,1,Office,1282,1997,CBES T24 1992,,,,,
110180,110180.xml,1,Retail,1293,1911,CBES Pre-1978,,,,,
110673,110673.xml,1,Retail,1125,2013,CBES T24 2008,,,,,
110773,110773.xml,1,Retail,1125,2007,CBES T24 2005,,,,,
110803,110803.xml,1,Retail,1200,2004,CBES T24 2001,,,,,
110923,110923.xml,1,Office,1140,2000,CBES T24 1992,,,,,
111357,111357.xml,1,Office,3025,1995,CBES T24 1992,,,,,
111399,111399.xml,1,Retail,1510,1970,CBES Pre-1978,,,,,
112055,112055.xml,1,Retail,2160,2003,CBES T24 2001,,,,,
112408,112408.xml,1,Office,1840,1907,CBES Pre-1978,,,,,
112615,112615.xml,1,Retail,6405,2000,CBES T24 1992,,,,,
112646,112646.xml,1,Retail,1238,1997,CBES T24 1992,,,,,
112751,112751.xml,1,Office,2378,2011,CBES T24 2008,,,,,
114780,114780.xml,1,Retail,1320,2002,CBES T24 2001,,,,,
115017,115017.xml,1,Retail,3415,2014,CBES T24 2008,,,,,
116171,116171.xml,1,Retail,1125,2014,CBES T24 2008,,,,,
116685,116685.xml,1,Office,3003,1997,CBES T24 1992,,,,,
116831,116831.xml,1,Retail,1250,1915,CBES Pre-1978,,,,,
116924,116924.xml,1,Retail,750,1948,CBES Pre-1978,,,,,
116944,116944.xml,1,Retail,626,1997,CBES T24 1992,,,,,
116999,116999.xml,1,Retail,2137,1923,CBES Pre-1978,,,,,
117254,117254.xml,1,Retail,2800,2000,CBES T24 1992,,,,,
117739,117739.xml,1,Retail,3160,2014,CBES T24 2008,,,,,
117767,117767.xml,1,Office,5000,1997,CBES T24 1992,,,,,
118032,118032.xml,1,Retail,1650,1994,CBES T24 1992,,,,,
120886,120886.xml,1,Retail,1375,2013,CBES T24 2008,,,,,
122169,122169.xml,1,Office,2094,1922,CBES Pre-1978,,,,,
122280,122280.xml,1,Office,5040,2003,CBES T24 2001,,,,,
122760,122760.xml,1,Retail,2304,2007,CBES T24 2005,,,,,
122919,122919.xml,1,Retail,1140,1997,CBES T24 1992,,,,,
124536,124536.xml,1,Retail,1125,1999,CBES T24 1992,,,,,
124839,124839.xml,1,Retail,880,1997,CBES T24 1992,,,,,
125086,125086.xml,1,Retail,1150,2014,CBES T24 2008,,,,,
126494,126494.xml,1,Retail,1838,1908,CBES Pre-1978,,,,,
126841,126841.xml,1,Office,3290,1907,CBES Pre-1978,,,,,
127894,127894.xml,1,Retail,962,1913,CBES Pre-1978,,,,,
128639,128639.xml,1,Office,2750,2000,CBES T24 1992,,,,,
129237,129237.xml,1,Retail,2136,1900,CBES Pre-1978,,,,,
131094,131094.xml,1,Retail,3242,2010,CBES T24 2008,,,,,
131264,131264.xml,1,Retail,8630,2000,CBES T24 1992,,,,,
131772,131772.xml,1,Retail,1365,2011,CBES T24 2008,,,,,
133522,133522.xml,1,Retail,2163,1997,CBES T24 1992,,,,,
134425,134425.xml,1,Office,1091,2006,CBES T24 2005,,,,,
135973,135973.xml,1,Retail,1000,1970,CBES Pre-1978,,,,,
136487,136487.xml,1,Retail,7925,1998,CBES T24 1992,,,,,
139624,139624.xml,1,Retail,945,2015,CBES T24 2008,,,,,
139989,139989.xml,1,Retail,2515,2003,CBES T24 2001,,,,,
140853,140853.xml,1,Retail,1593,1997,CBES T24 1992,,,,,
141792,141792.xml,1,Retail,1995,1972,CBES Pre-1978,,,,,
142647,142647.xml,1,Office,2790,2012,CBES T24 2008,,,,,
143201,143201.xml,1,Office,1600,1996,CBES T24 1992,,,,,
144041,144041.xml,1,Retail,6732,1900,CBES Pre-1978,,,,,
144507,144507.xml,1,Retail,7925,1998,CBES T24 1992,,,,,
145357,145357.xml,1,Retail,1685,1998,CBES T24 1992,,,,,
146481,146481.xml,1,Retail,950,1916,CBES Pre-1978,,,,,
146993,146993.xml,1,Retail,1020,2003,CBES T24 2001,,,,,
147923,147923.xml,1,Retail,880,1910,CBES Pre-1978,,,,,
148093,148093.xml,1,Office,2040,2013,CBES T24 2008,,,,,
149085,149085.xml,1,Retail,1554,2015,CBES T24 2008,,,,,
149292,149292.xml,1,Office,1900,2005,CBES T24 2005,,,,,
149567,149567.xml,1,Office,1000,1911,CBES Pre-1978,,,,,
153424,153424.xml,1,Office,688,1908,CBES Pre-1978,,,,,
153478,153478.xml,1,Retail,3566,2014,CBES T24 2008,,,,,
153776,153776.xml,1,Office,2548,2012,CBES T24 2008,,,,,
154110,154110.xml,1,Retail,1375,1924,CBES Pre-1978,,,,,
154404,154404.xml,1,Retail,870,1909,CBES Pre-1978,,,,,
155055,155055.xml,1,Retail,732,2011,CBES T24 2008,,,,,
155297,155297.xml,1,Office,1210,2015,CBES T24 2008,,,,,
155610,155610.xml,1,Retail,2400,1910,CBES Pre-1978,,,,,
156549,156549.xml,1,Office,3750,1907,CBES Pre-1978,,,,,
157164,157164.xml,1,Office,2800,1999,CBES T24 1992,,,,,
157281,157281.xml,1,Office,2025,1907,CBES Pre-1978,,,,,
158544,158544.xml,1,Office,1568,2006,CBES T24 2005,,,,,
158562,158562.xml,1,Retail,576,1994,CBES T24 1992,,,,,
158585,158585.xml,1,Retail,1650,1907,CBES Pre-1978,,,,,
159376,159376.xml,1,Office,420,2000,CBES T24 1992,,,,,
159713,159713.xml,1,Office,520,1900,CBES Pre-1978,,,,,
159856,159856.xml,1,Retail,1485,2014,CBES T24 2008,,,,,
160721,160721.xml,1,Retail,510,2004,CBES T24 2001,,,,,
160996,160996.xml,1,Office,800,1928,CBES Pre-1978,,,,,
161630,161630.xml,1,Retail,440,2004,CBES T24 2001,,,,,
162439,162439.xml,1,Office,440,1998,CBES T24 1992,,,,,
162993,162993.xml,1,Retail,776,2008,CBES T24 2008,,,,,
169731,169731.xml,1,Retail,6232,2014,CBES T24 2008,,,,,
