building_id,xml_filename,should_run_simulation,OccupancyClassification,FloorArea,YearOfConstruction,YearOfLastMajorRemodel,SiteEUI,SourceEUI,YearEUI,Simulation Status,do simulations?,do get results?
151,151.xml,1,Retail,69452,1954,2003,254,614,2015,true,false,true
223,223.xml,1,Office,16775,1967,2009,55,142,2015,true,false,true
237,237.xml,0,Retail,16302,1967,2009,28,89,2015
377,377.xml,0,Retail,46743,2002,2012,,,
463,463.xml,0,Retail,67690,2010,2016,56,166,2015
473,473.xml,0,Retail,34253,2002,2013,123,386,2014
484,484.xml,0,Office,53750,,2013,67,211,2015
557,557.xml,0,Retail,36120,1986,2003,194,531,2015
644,644.xml,0,Retail,16359,1917,2012,,,
759,759.xml,0,Office,56576,1955,,,,
798,798.xml,0,Retail,19495,1968,2007,,,
816,816.xml,0,Retail,27725,2008,2012,291,685,2015
923,923.xml,0,Retail,31712,1952,2011,15,39,2014
1015,1015.xml,0,Retail,23520,1996,1999,69,218,2015
1032,1032.xml,0,Office,22650,1929,2002,,,
1090,1090.xml,0,Office,69204,1969,1999,108,227,2015
1142,1142.xml,0,Office,21000,1981,,41,122,2015
1152,1152.xml,0,Retail,22846,1947,1994,37,111,2015
1202,1202.xml,0,Office,17263,1960,2014,,,
1270,1270.xml,0,Office,41680,1924,2008,1412,4434,2015
1272,1272.xml,0,Office,43366,1970,,82,165,2015
1322,1322.xml,0,Office,39796,1907,2000,41,108,2015
1337,1337.xml,0,Office,30000,1948,1998,114,238,2015
1391,1391.xml,0,Office,57131,1937,2012,28,89,2015
1405,1405.xml,0,Retail,24284,1963,2002,,,
1419,1419.xml,0,Office,33626,1942,2014,128,260,2015
1443,1443.xml,0,Retail,56718,1923,2003,,,
1444,1444.xml,0,Retail,25194,1927,2014,56,148,2015
1479,1479.xml,0,Retail,18579,1922,2010,,,
1481,1481.xml,0,Office,47669,1936,,,,
1494,1494.xml,0,Office,20146,1961,2016,93,291,2015
1497,1497.xml,0,Office,59639,,2006,47,129,2015
1528,1528.xml,0,Retail,29402,1925,2016,,,
1538,1538.xml,0,Retail,24627,1953,2011,66,172,2015
1558,1558.xml,0,Retail,23060,1961,2012,279,690,2015
1574,1574.xml,0,Office,57171,1908,1998,9,26,2015
1577,1577.xml,0,Office,18462,1951,,,,
1584,1584.xml,0,Retail,20058,1931,1996,,,
1598,1598.xml,0,Retail,29221,1930,2010,25,60,2015
1602,1602.xml,0,Office,52182,1906,2011,32,96,2015
1627,1627.xml,0,Office,56382,1912,2009,46,94,2015
1668,1668.xml,0,Retail,23872,,1999,,,
1715,1715.xml,0,Retail,17980,1949,1994,146,443,2015
1720,1720.xml,0,Office,28903,1921,2012,,,
1730,1730.xml,0,Office,66732,1982,2010,81,194,2015
1734,1734.xml,0,Office,31120,1986,2012,10,33,2015
1738,1738.xml,0,Office,48200,1922,1999,74,169,2015
1747,1747.xml,0,Retail,13526,1960,2002,,,
1752,1752.xml,0,Office,39166,1999,2012,,,
1796,1796.xml,0,Office,48000,1927,2010,50,131,2015
1817,1817.xml,0,Office,46473,1913,2002,242,468,2015
1826,1826.xml,0,Retail,61407,1909,2008,144,320,2015
1853,1853.xml,0,Office,26069,1968,2014,,,
1860,1860.xml,0,Office,61600,1908,2016,20,58,2013
1866,1866.xml,0,Retail,43128,1949,2011,,,
1884,1884.xml,0,Retail,45220,1913,2013,,,
1896,1896.xml,0,Office,41226,1904,2016,34,105,2014
1908,1908.xml,0,Office,30480,1923,,65,196,2015
1921,1921.xml,0,Office,30000,1906,1995,82,255,2015
1941,1941.xml,0,Office,65150,1917,2010,67,,2011
1998,1998.xml,0,Retail,22243,1922,2015,97,219,2015
2011,2011.xml,0,Retail,33310,1907,2014,,,
2035,2035.xml,0,Retail,13905,2000,2003,114,330,2015
2054,2054.xml,0,Office,31968,1920,,3,5,2015
2055,2055.xml,0,Office,67000,1990,,,,
2091,2091.xml,0,Retail,14000,1955,1996,23,62,2015
2097,2097.xml,0,Office,28000,1919,2004,,,
2144,2144.xml,0,Office,36970,2001,2001,10,24,2015
2147,2147.xml,0,Office,55853,2002,2008,49,129,2015
2149,2149.xml,0,Retail,7602,1960,2001,32,85,2015
2151,2151.xml,0,Retail,18665,1942,1998,272,760,2015
2165,2165.xml,0,Office,22000,2000,1999,92,246,2015
2166,2166.xml,0,Retail,12360,1957,2016,146,355,2015
2175,2175.xml,0,Retail,40199,1922,2012,29,67,2015
2206,2206.xml,0,Retail,16670,1991,2003,,,
2214,2214.xml,0,Retail,63608,1920,1999,23,72,2015
2223,2223.xml,0,Office,36700,1973,,,,
2238,2238.xml,0,Office,59169,1925,2012,54,171,2015
2241,2241.xml,0,Office,28600,1920,1999,,,
2270,2270.xml,0,Retail,29641,1922,2013,16,47,2014
2272,2272.xml,0,Office,33814,1983,2015,47,117,2014
2275,2275.xml,0,Retail,40017,1966,,,,
2289,2289.xml,0,Office,60758,1982,2009,24,38,2015
2290,2290.xml,0,Office,11999,1936,2009,73,192,2015
2297,2297.xml,0,Retail,6300,2001,2008,,,
2306,2306.xml,0,Retail,15434,1936,,,,
2429,2429.xml,0,Office,59052,1911,2000,48,147,2015
2441,2441.xml,0,Retail,10106,1921,,105,331,2015
2445,2445.xml,0,Office,20010,1955,2013,-1,-2,2015
2448,2448.xml,0,Retail,16138,1950,1999,152,453,2015
2475,2475.xml,0,Retail,10720,1900,2013,,,
2508,2508.xml,0,Office,12040,1931,2001,32,78,2015
2531,2531.xml,0,Office,32877,1938,2001,,,
2536,2536.xml,0,Retail,60000,1914,2008,49,119,2015
2552,2552.xml,0,Retail,14461,1926,2009,,,
2584,2584.xml,0,Office,32667,1907,2009,,,
2598,2598.xml,0,Office,65675,1907,1999,87,194,2015
2621,2621.xml,0,Office,29772,1919,2008,53,133,2015
2624,2624.xml,0,Retail,11859,1976,2003,,,
2651,2651.xml,0,Retail,21500,1917,2013,22,41,2015
2657,2657.xml,0,Office,13125,1907,2016,,,
2670,2670.xml,0,Retail,38475,1908,2014,,,
2680,2680.xml,0,Office,45728,1909,2012,28,90,2015
2695,2695.xml,0,Office,30470,1908,2012,49,127,2015
2708,2708.xml,0,Retail,18561,1966,,58,175,2015
2718,2718.xml,0,Retail,22962,1953,1999,70,196,2015
2742,2742.xml,0,Retail,8875,1941,,,,
2756,2756.xml,0,Retail,30226,1938,,34,57,2015
2796,2796.xml,0,Office,13917,1975,2009,36,107,2015
2807,2807.xml,0,Retail,10750,1946,2011,88,266,2015
2814,2814.xml,0,Retail,12870,1929,2011,323,353,2015
2821,2821.xml,0,Office,60000,1925,1994,18,54,2015
2827,2827.xml,0,Retail,10875,1997,2014,115,363,2015
2840,2840.xml,0,Office,10286,1965,2014,,,
2848,2848.xml,0,Office,36075,1907,2016,,,
2852,2852.xml,0,Office,10500,1922,2008,,,
2868,2868.xml,0,Retail,15004,1909,,186,399,2013
2892,2892.xml,0,Retail,14507,1956,2016,,,
2941,2941.xml,0,Retail,20880,1919,2003,55,117,2015
2950,2950.xml,0,Office,30318,1940,2009,60,124,2015
2969,2969.xml,0,Retail,33000,1921,2014,30,83,2015
2984,2984.xml,0,Retail,49950,1927,1999,,,
2987,2987.xml,0,Office,23190,1913,2014,24,75,2014
2992,2992.xml,0,Office,9204,1936,,,,
3005,3005.xml,0,Office,29590,1947,2016,,,
3009,3009.xml,0,Office,48492,1917,2015,,,
3024,3024.xml,0,Office,9600,1900,1999,,,
3067,3067.xml,0,Retail,11250,1931,1999,209,569,2015
3080,3080.xml,0,Office,41100,1919,2007,67,142,2015
3107,3107.xml,0,Office,43100,1908,2008,27,82,2015
3117,3117.xml,0,Retail,10430,1996,2010,67,210,2015
3152,3152.xml,0,Office,24804,1908,2003,,,
3153,3153.xml,0,Office,19582,1913,1997,,,
3193,3193.xml,0,Office,13050,1922,,,,
3198,3198.xml,0,Retail,29794,1969,2010,72,174,2015
3237,3237.xml,0,Office,54700,1907,2009,57,147,2015
3257,3257.xml,0,Retail,19456,1928,2001,,,
3260,3260.xml,0,Retail,9264,1941,,,,
3265,3265.xml,0,Retail,15397,1937,,250,466,2015
3286,3286.xml,0,Office,60445,1909,2010,,,
3304,3304.xml,0,Office,24824,1977,2011,,,
3310,3310.xml,0,Retail,18345,1919,2013,,,
3335,3335.xml,0,Office,34077,1908,2016,85,201,2012
3337,3337.xml,0,Office,29304,1907,2013,49,105,2015
3350,3350.xml,0,Retail,44000,1986,2000,,,
3393,3393.xml,0,Retail,14349,1951,1998,90,158,2015
3424,3424.xml,0,Office,7505,1960,,,,
3425,3425.xml,0,Retail,9713,2013,2014,,,
3453,3453.xml,0,Retail,29000,1910,2012,132,417,2015
3480,3480.xml,0,Retail,7931,1950,2015,,,
3501,3501.xml,0,Retail,2764,1954,2003,341,1072,2015
3509,3509.xml,0,Retail,9203,1946,2015,,,
3517,3517.xml,0,Office,12920,1924,1999,84,198,2015
3549,3549.xml,0,Office,2600,1935,2012,,,
3552,3552.xml,0,Retail,9378,1967,2000,,,
3553,3553.xml,0,Retail,9100,1989,1995,,,
3564,3564.xml,0,Office,18400,1929,2016,,,
3593,3593.xml,0,Retail,16699,1931,1996,,,
3608,3608.xml,0,Office,48297,1927,2010,56,126,2013
3614,3614.xml,0,Office,28900,1913,2000,,,
3622,3622.xml,0,Office,56800,1907,2016,16,42,2015
3634,3634.xml,0,Retail,12502,1946,2007,63,185,2015
3640,3640.xml,0,Retail,23378,1909,2000,,,
3655,3655.xml,0,Retail,13271,1919,,444,642,2015
3656,3656.xml,0,Retail,8330,1909,2013,,,
3671,3671.xml,0,Office,33652,2002,2004,,,
3684,3684.xml,0,Office,58100,1910,2008,,,
3700,3700.xml,0,Retail,12628,1937,1998,145,258,2015
3727,3727.xml,0,Office,11531,1935,1995,,,
3761,3761.xml,0,Retail,17902,1963,2001,,,
3764,3764.xml,0,Office,45000,1900,2001,75,168,2015
3769,3769.xml,0,Office,12270,1921,2005,,,
3778,3778.xml,0,Retail,8000,1920,2016,,,
3782,3782.xml,0,Retail,41125,1900,2001,80,178,2015
3783,3783.xml,0,Retail,36000,1913,2007,,,
3804,3804.xml,0,Office,17874,1907,2007,34,107,2015
3809,3809.xml,0,Office,8663,1919,2003,,,
3825,3825.xml,0,Office,44810,1984,1998,91,214,2015
3830,3830.xml,0,Retail,27124,1923,2000,,,
3832,3832.xml,0,Office,18530,1906,2014,,,
3859,3859.xml,0,Retail,15990,1947,2004,,,
3876,3876.xml,0,Retail,24780,1911,,,,
3886,3886.xml,0,Retail,32187,1909,2013,72,228,2015
3911,3911.xml,0,Retail,19500,1971,2004,171,334,2015
3926,3926.xml,0,Retail,32000,1924,2008,58,137,2015
3982,3982.xml,0,Office,7384,1975,2015,,,
4011,4011.xml,0,Retail,14489,1920,1995,,,
4026,4026.xml,0,Office,3216,1985,2001,,,
4051,4051.xml,0,Retail,14360,1920,2001,36,78,2015
4053,4053.xml,0,Office,12000,1938,2012,,,
4066,4066.xml,0,Office,64800,1909,,72,183,2015
4073,4073.xml,0,Retail,8750,1939,2009,,,
4090,4090.xml,0,Retail,16994,1917,2015,,,
4093,4093.xml,0,Office,34963,1907,1995,22,70,2015
4096,4096.xml,0,Retail,27547,1909,2015,159,492,2015
4102,4102.xml,0,Office,13256,1983,1997,49,156,2015
4107,4107.xml,0,Retail,30333,1989,1998,181,299,2014
4127,4127.xml,0,Retail,22920,2010,2010,80,178,2015
4142,4142.xml,0,Retail,6841,1921,2014,,,
4146,4146.xml,0,Retail,8600,1923,2000,,,
4153,4153.xml,0,Retail,20040,2015,2015,,,
4166,4166.xml,0,Retail,12000,1931,2011,,,
4196,4196.xml,0,Office,28840,1909,2005,53,135,2015
4207,4207.xml,0,Retail,7500,1983,2001,,,
4214,4214.xml,0,Office,15240,1910,2013,32,90,2015
4241,4241.xml,0,Retail,17684,1900,,,,
4253,4253.xml,0,Office,29320,1993,2008,13,41,2015
4259,4259.xml,0,Office,20839,1985,2000,,,
4269,4269.xml,0,Office,15524,1922,2014,46,124,2015
4280,4280.xml,0,Office,44685,1910,2001,,,
4292,4292.xml,0,Retail,4000,1948,2007,,,
4305,4305.xml,0,Retail,12875,1909,1997,,,
4317,4317.xml,0,Office,31000,1924,2004,113,239,2014
4366,4366.xml,0,Office,49518,1907,2001,21,66,2015
4369,4369.xml,0,Office,28720,1900,2006,92,187,2015
4375,4375.xml,0,Office,9952,1975,2001,,,
4391,4391.xml,0,Office,13000,1984,2009,,,
4403,4403.xml,0,Office,6000,1974,,,,
4422,4422.xml,0,Office,8060,1996,1997,,,
4430,4430.xml,0,Office,22019,1916,2011,45,117,2015
4439,4439.xml,0,Office,38440,1907,2000,48,152,2015
4455,4455.xml,0,Retail,39993,1930,1996,,,
4474,4474.xml,0,Retail,7500,1949,2012,,,
4477,4477.xml,0,Office,15132,1906,2012,43,93,2015
4485,4485.xml,0,Office,22288,1931,2014,,,
4487,4487.xml,0,Retail,8000,1909,2011,,,
4492,4492.xml,0,Retail,26704,1909,2013,24,64,2015
4508,4508.xml,0,Office,15600,1924,2005,27,65,2015
4511,4511.xml,0,Retail,4500,1912,1996,,,
4516,4516.xml,0,Office,23961,1925,2012,36,92,2015
4525,4525.xml,0,Retail,7500,1983,2000,,,
4543,4543.xml,0,Office,8427,1956,2002,,,
4547,4547.xml,0,Office,12300,1900,2000,,,
4550,4550.xml,0,Retail,8002,1987,2010,,,
4567,4567.xml,0,Retail,14137,1915,2004,,,
4599,4599.xml,0,Retail,8753,1968,2014,,,
4602,4602.xml,0,Office,6000,1939,2015,,,
4639,4639.xml,0,Office,7350,1964,2000,,,
4646,4646.xml,0,Office,8613,1900,2012,,,
4650,4650.xml,0,Retail,6530,1948,2007,,,
4670,4670.xml,0,Office,51990,1924,2009,,,
4675,4675.xml,0,Retail,23736,1983,1998,64,189,2015
4677,4677.xml,0,Office,9190,1950,2001,,,
4685,4685.xml,0,Retail,6800,1948,2000,,,
4686,4686.xml,0,Office,8350,1946,2011,,,
4697,4697.xml,0,Retail,34173,1913,2003,48,152,2015
4705,4705.xml,0,Retail,21822,1911,1998,32,53,2015
4721,4721.xml,0,Retail,19319,1907,,,,
4763,4763.xml,0,Retail,9320,1952,2015,,,
4765,4765.xml,0,Retail,14980,1981,,,,
4799,4799.xml,0,Office,16920,1911,2003,49,93,2015
4801,4801.xml,0,Retail,37160,1909,2010,52,144,2015
4806,4806.xml,0,Retail,17537,1915,2000,,,
4811,4811.xml,0,Retail,13232,1988,2010,56,176,2015
4822,4822.xml,0,Retail,5980,1940,2011,,,
4830,4830.xml,0,Office,28042,1907,2013,40,124,2015
4844,4844.xml,0,Office,44000,1989,2005,56,103,2012
4888,4888.xml,0,Office,14761,1968,,,,
4904,4904.xml,0,Retail,6875,1917,,,,
4905,4905.xml,0,Retail,28515,1910,2010,80,253,2014
4907,4907.xml,0,Office,11064,1956,,,,
4911,4911.xml,0,Retail,21720,1917,2014,,,
4915,4915.xml,0,Office,5387,1907,2005,54,134,2015
4920,4920.xml,0,Retail,13000,1977,2005,,,
4931,4931.xml,0,Office,12017,1972,2014,275,422,2013
4942,4942.xml,0,Office,4400,1912,1999,,,
4960,4960.xml,0,Retail,18710,1913,1995,72,172,2015
4977,4977.xml,0,Retail,8460,1910,2004,,,
4984,4984.xml,0,Office,20130,1967,1998,66,149,2015
4992,4992.xml,0,Office,25525,1927,2003,8,19,2013
4994,4994.xml,0,Office,10130,1994,1995,,,
5000,5000.xml,0,Retail,7044,1900,,,,
5001,5001.xml,0,Retail,7075,1957,2006,,,
5005,5005.xml,0,Office,26476,1906,2008,64,136,2015
5024,5024.xml,0,Retail,16952,1926,2013,51,160,2015
5029,5029.xml,0,Retail,8770,1946,2015,,,
5054,5054.xml,0,Office,8698,1967,2010,,,
5080,5080.xml,0,Retail,3035,1900,,,,
5082,5082.xml,0,Retail,7260,1936,,,,
5087,5087.xml,0,Office,27064,1909,2006,26,81,2015
5091,5091.xml,0,Retail,11421,1937,1999,54,145,2015
5099,5099.xml,0,Office,17041,1947,2015,,,
5119,5119.xml,0,Office,6875,1925,2013,,,
5140,5140.xml,0,Retail,21138,1981,2000,,,
5154,5154.xml,0,Retail,4234,1924,2011,,,
5159,5159.xml,0,Retail,7564,1936,,,,
5163,5163.xml,0,Retail,6000,1923,2002,,,
5173,5173.xml,0,Office,7260,1974,1994,,,
5194,5194.xml,0,Office,8454,1955,2008,,,
5199,5199.xml,0,Retail,13000,1931,,,,
5244,5244.xml,0,Office,12274,1984,2013,,,
5255,5255.xml,0,Office,25208,1918,1996,35,111,2015
5296,5296.xml,0,Retail,48500,1923,1997,,,
5328,5328.xml,0,Office,10702,1964,2000,,,
5337,5337.xml,0,Retail,7954,1940,,,,
5353,5353.xml,0,Office,13260,1912,2012,,,
5384,5384.xml,0,Retail,39212,1910,,,,
5400,5400.xml,0,Retail,6180,1927,2011,,,
5405,5405.xml,0,Retail,5750,1932,,,,
5409,5409.xml,0,Retail,6165,1920,,,,
5434,5434.xml,0,Retail,11135,1937,2011,,,
5460,5460.xml,0,Office,21390,1913,2016,26,80,2015
5464,5464.xml,0,Office,65966,1931,2012,55,113,2015
5472,5472.xml,0,Retail,20636,1907,2005,,,
5476,5476.xml,0,Retail,6000,1907,,,,
5489,5489.xml,0,Retail,5450,1931,1999,,,
5490,5490.xml,0,Retail,4250,1904,2014,,,
5523,5523.xml,0,Retail,6252,1917,1995,,,
5528,5528.xml,0,Office,30229,1913,2000,48,112,2015
5549,5549.xml,0,Office,20154,1907,2009,62,148,2014
5559,5559.xml,0,Office,46225,1907,2003,114,273,2013
5563,5563.xml,0,Office,23408,1932,1996,43,132,2015
5578,5578.xml,0,Retail,38400,1907,2013,,,
5588,5588.xml,0,Office,19425,1917,2012,22,63,2015
5612,5612.xml,0,Retail,1838,2002,2004,,,
5614,5614.xml,0,Office,20162,1907,2015,20,63,2015
5619,5619.xml,0,Office,12606,1929,,23,62,2015
5636,5636.xml,0,Retail,6575,1925,2001,,,
5646,5646.xml,0,Retail,10000,,2009,,,
5649,5649.xml,0,Retail,5285,1923,2013,,,
5677,5677.xml,0,Office,37716,1912,2000,,,
5684,5684.xml,0,Office,7244,1963,,,,
5701,5701.xml,0,Retail,6622,1923,2012,,,
5720,5720.xml,0,Retail,10321,1907,2004,98,207,2015
5741,5741.xml,0,Retail,10700,1909,2001,,,
5756,5756.xml,0,Retail,8872,1956,,,,
5772,5772.xml,0,Retail,4665,1922,1997,,,
5789,5789.xml,0,Office,59786,1908,,41,129,2015
5805,5805.xml,0,Retail,17595,1921,,21,62,2014
5818,5818.xml,0,Office,10300,1936,,27,66,2015
5822,5822.xml,0,Retail,6565,1926,2004,,,
5837,5837.xml,0,Retail,5788,2008,2011,,,
5855,5855.xml,0,Retail,6034,1941,1996,,,
5867,5867.xml,0,Retail,12222,1919,2002,,,
5871,5871.xml,0,Office,9012,1913,2008,,,
5883,5883.xml,0,Office,44800,1907,2003,90,279,2015
5885,5885.xml,0,Retail,7424,1991,,,,
5901,5901.xml,0,Retail,7210,1941,2012,,,
5915,5915.xml,0,Retail,18555,1910,2003,34,107,2015
5946,5946.xml,0,Office,7886,1958,,,,
5955,5955.xml,0,Retail,5500,1906,,,,
5983,5983.xml,0,Retail,17097,1909,2004,27,78,2015
6006,6006.xml,0,Retail,21669,1907,,35,88,2015
6013,6013.xml,0,Retail,12000,1913,2006,,,
6017,6017.xml,0,Retail,15253,1926,2015,,,
6022,6022.xml,0,Retail,11116,1923,,,,
6025,6025.xml,0,Retail,7174,1907,2006,,,
6063,6063.xml,0,Retail,18500,1910,2014,,,
6070,6070.xml,0,Office,29743,1889,2013,268,517,2015
6071,6071.xml,0,Office,7574,1948,2005,,,
6083,6083.xml,0,Retail,5942,1932,2009,,,
6115,6115.xml,0,Retail,21600,1907,2008,42,133,2015
6120,6120.xml,0,Retail,5666,1929,1997,,,
6147,6147.xml,0,Office,63859,1910,2016,61,,2011
6154,6154.xml,0,Retail,5544,1916,,,,
6173,6173.xml,0,Office,21651,1911,2005,,,
6174,6174.xml,0,Retail,3900,1955,,,,
6181,6181.xml,0,Office,6000,1941,1999,,,
6194,6194.xml,0,Office,28465,1906,2007,113,229,2015
6197,6197.xml,0,Retail,6954,1924,1995,,,
6201,6201.xml,0,Office,12775,1920,1994,,,
6233,6233.xml,0,Retail,11250,1918,1999,,,
6251,6251.xml,0,Retail,22440,1910,2001,,,
6267,6267.xml,0,Retail,4400,1918,,,,
6288,6288.xml,0,Office,1235,1953,,,,
6306,6306.xml,0,Retail,5750,1922,2010,,,
6309,6309.xml,0,Office,10660,1977,2010,,,
6340,6340.xml,0,Office,23467,1908,2014,120,230,2015
6376,6376.xml,0,Office,8605,1927,2015,,,
6380,6380.xml,0,Retail,11540,1956,2014,,,
6393,6393.xml,0,Retail,7995,1963,2014,,,
6395,6395.xml,0,Retail,7690,1973,1995,,,
6396,6396.xml,0,Office,30664,1907,2016,,,
6411,6411.xml,0,Office,20795,1976,2012,38,93,2015
6415,6415.xml,0,Retail,16987,1973,2015,,,
6416,6416.xml,0,Office,10880,1926,2003,,,
6430,6430.xml,0,Office,56933,1908,2013,41,123,2015
6434,6434.xml,0,Retail,7072,1940,1997,,,
6474,6474.xml,0,Retail,15960,1912,2010,,,
6499,6499.xml,0,Retail,5000,1912,,,,
6533,6533.xml,0,Retail,3825,1974,2002,,,
6546,6546.xml,0,Retail,5500,1922,,,,
6550,6550.xml,0,Retail,5755,1930,,,,
6640,6640.xml,0,Retail,4841,1974,2015,,,
6648,6648.xml,0,Office,15975,1968,2015,,,
6661,6661.xml,0,Retail,4554,1967,,157,292,2015
6688,6688.xml,0,Retail,5508,1938,2007,,,
6703,6703.xml,0,Retail,5292,1910,2004,,,
6707,6707.xml,0,Office,5228,1969,2011,,,
6728,6728.xml,0,Office,51522,1912,2015,37,82,2015
6772,6772.xml,0,Office,10800,,2011,58,164,2015
6781,6781.xml,0,Retail,5564,1939,2015,,,
6789,6789.xml,0,Office,22330,1988,2011,82,168,2015
6793,6793.xml,0,Retail,5336,1907,,,,
6797,6797.xml,0,Office,6000,1911,2009,,,
6805,6805.xml,0,Retail,6118,1900,2014,,,
6824,6824.xml,0,Office,5793,1931,,,,
6832,6832.xml,0,Retail,5500,1922,,,,
6857,6857.xml,0,Retail,8834,1928,1997,,,
6875,6875.xml,0,Office,7203,1965,2010,,,
6881,6881.xml,0,Retail,5313,1946,2015,,,
6904,6904.xml,0,Office,4991,1988,2010,,,
6920,6920.xml,0,Retail,5645,1911,2007,,,
6963,6963.xml,0,Office,8000,1925,2014,,,
7013,7013.xml,0,Retail,4500,1925,2014,,,
7022,7022.xml,0,Retail,10300,1930,2006,,,
7072,7072.xml,0,Retail,7770,1912,2000,,,
7121,7121.xml,0,Office,39384,1908,,102,137,2015
7126,7126.xml,0,Retail,10450,1948,2011,27,47,2015
7139,7139.xml,0,Retail,5750,1938,,,,
7156,7156.xml,0,Retail,5665,1913,1994,,,
7161,7161.xml,0,Retail,4800,1940,2001,,,
7164,7164.xml,0,Retail,21720,1913,2006,,,
7192,7192.xml,0,Retail,5000,1961,1996,,,
7207,7207.xml,0,Retail,5000,1939,2016,,,
7223,7223.xml,0,Office,22687,1912,2015,44,120,2015
7236,7236.xml,0,Office,6500,1973,2015,,,
7242,7242.xml,0,Retail,5950,1946,2014,,,
7265,7265.xml,0,Retail,5000,1980,,,,
7278,7278.xml,0,Office,6079,1958,1999,,,
7290,7290.xml,0,Office,11256,1907,2009,,,
7315,7315.xml,0,Office,5000,1945,2014,,,
7321,7321.xml,0,Retail,4400,1987,,,,
7333,7333.xml,0,Office,9360,1917,2011,,,
7336,7336.xml,0,Retail,14400,1906,1999,40,111,2015
7353,7353.xml,0,Retail,4817,1928,2016,,,
7355,7355.xml,0,Office,3220,1907,,,,
7359,7359.xml,0,Retail,1736,2014,2015,,,
7362,7362.xml,0,Office,25955,1908,2006,44,91,2015
7363,7363.xml,0,Retail,5000,1913,,,,
7371,7371.xml,0,Office,15783,1906,2014,19,50,2015
7373,7373.xml,0,Retail,8635,1905,2013,,,
7398,7398.xml,0,Retail,6265,1955,,,,
7400,7400.xml,0,Office,8100,1932,2013,,,
7430,7430.xml,0,Retail,5384,1918,1994,,,
7469,7469.xml,0,Office,6015,1911,2000,,,
7472,7472.xml,0,Office,10200,1924,2013,49,108,2013
7474,7474.xml,0,Retail,7500,1978,,,,
7483,7483.xml,0,Office,29400,1985,2006,,,
7494,7494.xml,0,Office,10980,1918,2010,62,141,2015
7495,7495.xml,0,Retail,10129,1994,2009,,,
7504,7504.xml,0,Retail,1749,1900,1999,,,
7507,7507.xml,0,Retail,5040,1915,2001,,,
7508,7508.xml,0,Retail,5000,1923,2007,,,
7514,7514.xml,0,Retail,4899,1900,,,,
7524,7524.xml,0,Retail,4750,1922,1998,,,
7548,7548.xml,0,Retail,4600,1912,,,,
7562,7562.xml,0,Retail,5200,1926,1999,,,
7575,7575.xml,0,Office,26808,1908,2006,33,84,2015
7591,7591.xml,0,Office,36724,1907,2007,103,169,2015
7594,7594.xml,0,Office,11980,1908,,34,108,2015
7607,7607.xml,0,Retail,16131,1907,2010,,,
7614,7614.xml,0,Retail,9055,1946,2009,,,
7619,7619.xml,0,Retail,20640,1908,2000,,,
7641,7641.xml,0,Office,11180,1918,,39,88,2015
7647,7647.xml,0,Retail,10000,1972,2000,,,
7658,7658.xml,0,Retail,5793,1946,1999,,,
7663,7663.xml,0,Retail,4984,1948,1999,,,
7671,7671.xml,0,Retail,4606,1924,,,,
7679,7679.xml,0,Office,9752,1907,2016,,,
7684,7684.xml,0,Retail,6169,1900,2007,,,
7696,7696.xml,0,Office,7273,1972,,,,
7700,7700.xml,0,Retail,15560,1916,2016,,,
7701,7701.xml,0,Office,17808,1907,2008,21,56,2015
7712,7712.xml,0,Office,6335,1971,2000,,,
7719,7719.xml,0,Retail,14400,1923,,13,29,2015
7726,7726.xml,0,Retail,4940,1912,,,,
7731,7731.xml,0,Retail,5000,1947,,,,
7741,7741.xml,0,Retail,6369,1938,1999,,,
7765,7765.xml,0,Retail,8479,1957,2015,,,
7773,7773.xml,0,Retail,7765,1922,2014,,,
7779,7779.xml,0,Office,5000,1907,2009,,,
7785,7785.xml,0,Retail,5095,1989,2004,,,
7801,7801.xml,0,Retail,13950,1907,,346,456,2015
7804,7804.xml,0,Retail,5000,1939,,,,
7812,7812.xml,0,Office,13840,1911,2006,14,38,2015
7827,7827.xml,0,Retail,5000,1942,2014,,,
7835,7835.xml,0,Retail,5525,1925,2005,,,
7858,7858.xml,0,Retail,4950,1948,1999,,,
7871,7871.xml,0,Office,3657,1905,2006,48,110,2015
7874,7874.xml,0,Retail,6634,1900,2008,,,
7907,7907.xml,0,Retail,3667,1904,2015,,,
7942,7942.xml,0,Retail,4920,1935,1999,,,
7945,7945.xml,0,Office,9500,1980,2012,,,
7984,7984.xml,0,Office,4565,1948,1999,,,
8011,8011.xml,0,Retail,5828,1946,2010,,,
8060,8060.xml,0,Office,14568,1907,1999,36,92,2015
8066,8066.xml,0,Retail,4845,2009,2010,,,
8095,8095.xml,0,Office,4800,1950,2008,,,
8115,8115.xml,0,Office,18159,1919,2015,,,
8137,8137.xml,0,Retail,10005,1913,,,,
8149,8149.xml,0,Retail,14750,1910,2015,,,
8171,8171.xml,0,Retail,4598,1959,2003,,,
8182,8182.xml,0,Retail,10750,1900,2014,,,
8194,8194.xml,0,Office,10716,1911,1999,,,
8202,8202.xml,0,Retail,6175,1958,2001,,,
8227,8227.xml,0,Office,5350,1975,,,,
8232,8232.xml,0,Retail,5650,1974,,,,
8238,8238.xml,0,Office,5761,1974,,,,
8327,8327.xml,0,Retail,2800,1924,2007,,,
8334,8334.xml,0,Office,15000,1925,2007,,,
8346,8346.xml,0,Retail,4649,1926,1998,,,
8359,8359.xml,0,Retail,5085,1934,,,,
8362,8362.xml,0,Office,15350,1907,2005,,,
8370,8370.xml,0,Retail,4500,1934,,,,
8378,8378.xml,0,Retail,3400,1913,2013,,,
8383,8383.xml,0,Office,5118,1969,2015,,,
8411,8411.xml,0,Retail,4860,1968,,,,
8415,8415.xml,0,Retail,4730,1928,2010,,,
8418,8418.xml,0,Retail,5000,1922,,,,
8424,8424.xml,0,Office,6650,1916,2013,,,
8432,8432.xml,0,Retail,4625,1946,2016,,,
8434,8434.xml,0,Retail,4384,2014,2014,,,
8440,8440.xml,0,Retail,3800,1914,1998,,,
8457,8457.xml,0,Office,3804,1974,2002,,,
8458,8458.xml,0,Retail,4700,1900,2010,,,
8460,8460.xml,0,Retail,7002,1962,2014,,,
8462,8462.xml,0,Retail,11268,1924,2000,102,181,2014
8470,8470.xml,0,Retail,7944,1900,1997,,,
8473,8473.xml,0,Retail,9000,1907,2015,,,
8489,8489.xml,0,Retail,4406,1955,2000,,,
8498,8498.xml,0,Retail,4800,1932,2015,,,
8499,8499.xml,0,Office,29843,1986,1999,94,213,2015
8500,8500.xml,0,Retail,10584,1949,2011,,,
8516,8516.xml,0,Office,9600,1962,2008,,,
8519,8519.xml,0,Retail,4306,1914,1999,,,
8531,8531.xml,0,Retail,2380,1914,1995,,,
8536,8536.xml,0,Retail,15706,1951,2007,,,
8564,8564.xml,0,Office,5318,1956,,,,
8585,8585.xml,0,Office,7440,1946,2003,,,
8605,8605.xml,0,Office,6530,1924,2015,,,
8614,8614.xml,0,Retail,4290,1950,1999,,,
8627,8627.xml,0,Retail,5976,1900,1995,,,
8631,8631.xml,0,Office,4170,1952,2013,,,
8634,8634.xml,0,Retail,3000,1925,1997,,,
8637,8637.xml,0,Retail,9538,1906,2014,,,
8659,8659.xml,0,Retail,4658,1919,2013,,,
8662,8662.xml,0,Retail,18128,1909,,,,
8663,8663.xml,0,Office,4320,1928,2014,,,
8684,8684.xml,0,Office,9156,1914,1999,,,
8712,8712.xml,0,Retail,8500,1972,2016,,,
8716,8716.xml,0,Office,12450,1955,2009,,,
8721,8721.xml,0,Retail,9000,1982,2014,,,
8734,8734.xml,0,Office,19875,1969,2014,130,330,2015
8742,8742.xml,0,Office,7870,1925,1995,,,
8749,8749.xml,0,Office,7075,1914,2011,,,
8751,8751.xml,0,Retail,4500,1925,1996,,,
8761,8761.xml,0,Office,8624,1922,,,,
8762,8762.xml,0,Retail,17000,1915,2015,,,
8769,8769.xml,0,Retail,4464,1988,1999,,,
8776,8776.xml,0,Retail,3966,1916,2005,,,
8814,8814.xml,0,Retail,4750,1937,2015,,,
8823,8823.xml,0,Office,7900,1968,1995,,,
8838,8838.xml,0,Office,5485,1931,1995,,,
8843,8843.xml,0,Office,9000,1966,2008,,,
8867,8867.xml,0,Retail,4000,1920,2016,,,
8888,8888.xml,0,Office,18908,1907,2008,53,139,2015
8898,8898.xml,0,Office,25643,1908,2013,,,
8954,8954.xml,0,Retail,6320,1918,1996,,,
9017,9017.xml,0,Office,8856,1923,,,,
9030,9030.xml,0,Retail,5365,1926,2003,,,
9043,9043.xml,0,Retail,6050,1930,,,,
9055,9055.xml,0,Retail,4275,1923,2006,,,
9058,9058.xml,0,Office,7840,1963,2012,,,
9061,9061.xml,0,Retail,4400,,2006,,,
9079,9079.xml,0,Office,9236,1910,2013,,,
9086,9086.xml,0,Office,20784,1983,2003,48,109,2015
9095,9095.xml,0,Office,8000,1926,2015,,,
9107,9107.xml,0,Retail,4437,1900,2014,,,
9119,9119.xml,0,Office,23534,1917,2002,,,
9126,9126.xml,0,Retail,10580,1916,,435,861,2015
9155,9155.xml,0,Office,7275,1900,2015,,,
9157,9157.xml,0,Retail,3780,1946,2000,,,
9169,9169.xml,0,Retail,3600,1947,2010,,,
9179,9179.xml,0,Office,25650,1925,2010,53,149,2015
9186,9186.xml,0,Office,16900,1915,2010,36,90,2015
9203,9203.xml,0,Office,11422,1900,,,,
9208,9208.xml,0,Office,15660,1907,2013,,,
9211,9211.xml,0,Office,5700,1910,2014,,,
9225,9225.xml,0,Retail,7185,1922,2011,,,
9229,9229.xml,0,Office,8400,1900,2013,,,
9236,9236.xml,0,Office,2900,1901,1998,,,
9255,9255.xml,0,Retail,6790,1969,2006,,,
9281,9281.xml,0,Retail,4871,1911,1999,,,
9304,9304.xml,0,Office,15500,1906,2007,62,188,2015
9315,9315.xml,0,Retail,7500,1900,2013,,,
9317,9317.xml,0,Retail,4275,1948,2001,,,
9335,9335.xml,0,Office,20295,1922,,46,81,2014
9339,9339.xml,0,Retail,5300,1969,1997,,,
9347,9347.xml,0,Office,4100,1946,,,,
9377,9377.xml,0,Retail,4000,1909,,,,
9394,9394.xml,0,Office,24000,1923,2006,100,211,2015
9405,9405.xml,0,Office,6506,1915,2003,,,
9409,9409.xml,0,Office,7827,1916,2005,,,
9433,9433.xml,0,Retail,5988,1907,2002,,,
9443,9443.xml,0,Retail,4000,1939,2010,,,
9455,9455.xml,0,Office,3870,1968,2011,,,
9478,9478.xml,0,Office,4829,1940,2011,,,
9484,9484.xml,0,Retail,4000,1921,2008,,,
9486,9486.xml,0,Retail,4530,1925,,,,
9511,9511.xml,0,Office,4824,1975,2003,,,
9534,9534.xml,0,Retail,1000,1920,1997,,,
9545,9545.xml,0,Retail,4200,1980,,,,
9565,9565.xml,0,Retail,4100,1906,2000,,,
9567,9567.xml,0,Retail,6884,1922,2013,,,
9593,9593.xml,0,Retail,7920,1940,2010,,,
9609,9609.xml,0,Office,5600,1950,2010,,,
9647,9647.xml,0,Office,8250,1909,2004,,,
9648,9648.xml,0,Retail,4340,1926,1999,,,
9693,9693.xml,0,Retail,4225,1969,,,,
9711,9711.xml,0,Retail,13884,1900,1995,,,
9738,9738.xml,0,Retail,399,1966,,,,
9774,9774.xml,0,Office,7722,1945,2003,,,
9784,9784.xml,0,Retail,4500,1941,1997,,,
9818,9818.xml,0,Office,5725,1926,2013,,,
9849,9849.xml,0,Office,12030,1907,2006,53,162,2014
9851,9851.xml,0,Retail,8000,1923,2000,,,
9853,9853.xml,0,Office,8060,1900,1996,,,
9869,9869.xml,0,Retail,4200,1939,2014,,,
9895,9895.xml,0,Retail,4800,1955,2007,,,
9901,9901.xml,0,Office,6770,1912,1998,,,
9912,9912.xml,0,Office,67860,1921,1997,48,111,2014
9923,9923.xml,0,Retail,11469,1909,2015,,,
9940,9940.xml,0,Office,23260,1913,2007,27,85,2015
9954,9954.xml,0,Retail,4065,1912,2000,,,
9960,9960.xml,0,Retail,3944,1920,1998,,,
9976,9976.xml,0,Office,11340,1982,2003,,,
9988,9988.xml,0,Office,20068,1907,2015,,,
10016,10016.xml,0,Retail,7500,1913,2015,,,
10027,10027.xml,0,Office,10998,1924,2015,,,
10099,10099.xml,0,Retail,3600,1929,2012,,,
10119,10119.xml,0,Office,14231,1907,2001,32,80,2015
10159,10159.xml,0,Retail,4257,1923,,,,
10161,10161.xml,0,Office,8000,1910,2014,,,
10198,10198.xml,0,Office,7365,1908,2010,,,
10199,10199.xml,0,Retail,8460,1906,2009,,,
10229,10229.xml,0,Retail,7596,1909,,,,
10244,10244.xml,0,Retail,4718,1951,,,,
10281,10281.xml,0,Office,23925,1908,2011,,,
10311,10311.xml,0,Retail,4150,1948,2015,,,
10320,10320.xml,0,Retail,3600,1920,2000,,,
10330,10330.xml,0,Retail,3750,1926,1997,,,
10338,10338.xml,0,Retail,12475,1992,2011,,,
10367,10367.xml,0,Retail,3700,1942,2000,,,
10369,10369.xml,0,Retail,4150,1950,2002,,,
10374,10374.xml,0,Retail,5994,1922,,,,
10380,10380.xml,0,Office,8140,1938,,,,
10403,10403.xml,0,Retail,3600,1910,1999,,,
10436,10436.xml,0,Retail,3470,1917,2015,,,
10443,10443.xml,0,Office,5412,1906,2003,,,
10446,10446.xml,0,Office,5050,1929,1998,,,
10455,10455.xml,0,Retail,3781,1926,1998,,,
10466,10466.xml,0,Retail,7750,1922,2012,,,
10468,10468.xml,0,Retail,8310,1912,2001,,,
10474,10474.xml,0,Office,28600,1907,2008,22,54,2015
10505,10505.xml,0,Office,3331,1956,,,,
10533,10533.xml,0,Retail,3964,1915,2015,,,
10559,10559.xml,0,Retail,4150,1948,,,,
10575,10575.xml,0,Retail,3781,1976,2015,,,
10577,10577.xml,0,Office,2905,1917,1998,,,
10634,10634.xml,0,Retail,2400,1924,2003,,,
10697,10697.xml,0,Office,5802,1967,,,,
10726,10726.xml,0,Retail,4503,1925,2005,,,
10727,10727.xml,0,Retail,6498,1938,,,,
10729,10729.xml,0,Office,11115,1923,2010,,,
10737,10737.xml,0,Retail,3200,1923,,,,
10750,10750.xml,0,Office,6850,1938,2009,,,
10757,10757.xml,0,Retail,3750,1950,2003,,,
10780,10780.xml,0,Retail,4275,1925,,,,
10793,10793.xml,0,Retail,5019,1946,2014,,,
10797,10797.xml,0,Retail,5218,1917,2016,,,
10801,10801.xml,0,Office,7319,1906,2003,,,
10814,10814.xml,0,Retail,3975,1921,1995,,,
10830,10830.xml,0,Retail,6000,1900,2001,,,
10833,10833.xml,0,Office,6560,1956,2004,,,
10834,10834.xml,0,Retail,3781,1930,,,,
10845,10845.xml,0,Retail,4250,1967,2004,,,
10850,10850.xml,0,Retail,1836,1944,1998,,,
10866,10866.xml,0,Retail,4339,1938,2003,,,
10874,10874.xml,0,Retail,6032,1977,1994,,,
10876,10876.xml,0,Office,3575,1972,2016,,,
10891,10891.xml,0,Retail,3750,1921,,,,
10892,10892.xml,0,Retail,12376,1927,,,,
10912,10912.xml,0,Retail,3781,1930,,,,
10959,10959.xml,0,Retail,3757,1910,2005,,,
10969,10969.xml,0,Retail,3634,1906,1996,,,
10980,10980.xml,0,Retail,2984,1950,,,,
11020,11020.xml,0,Office,2760,1920,2012,,,
11034,11034.xml,0,Retail,4440,1926,2014,,,
11041,11041.xml,0,Retail,7200,1923,2015,,,
11050,11050.xml,0,Retail,8560,1924,1997,,,
11105,11105.xml,0,Office,6914,1922,2012,,,
11147,11147.xml,0,Office,37544,1913,2010,59,108,2015
11148,11148.xml,0,Retail,5198,1928,2007,,,
11150,11150.xml,0,Office,3625,1923,2012,,,
11192,11192.xml,0,Office,2074,1923,1998,,,
11194,11194.xml,0,Retail,6500,1922,1997,,,
11206,11206.xml,0,Retail,7000,1918,1998,,,
11210,11210.xml,0,Retail,3750,1911,2000,,,
11222,11222.xml,0,Office,19741,1907,2015,98,210,2015
11225,11225.xml,0,Retail,8550,1925,2012,,,
11231,11231.xml,0,Retail,1590,1924,2003,,,
11246,11246.xml,0,Retail,2100,1906,2016,,,
11253,11253.xml,0,Retail,535,2002,2004,,,
11285,11285.xml,0,Retail,3958,1990,,,,
11301,11301.xml,0,Retail,4200,1917,,,,
11314,11314.xml,0,Retail,3600,1991,,,,
11344,11344.xml,0,Retail,6936,1906,2011,,,
11351,11351.xml,0,Office,3600,1919,2001,,,
11352,11352.xml,0,Retail,3600,1923,1998,,,
11372,11372.xml,0,Retail,11383,1911,2000,,,
11379,11379.xml,0,Retail,3000,1908,,,,
11407,11407.xml,0,Retail,3550,1925,1996,,,
11414,11414.xml,0,Retail,3900,1923,1995,,,
11429,11429.xml,0,Office,3883,2012,2014,,,
11440,11440.xml,0,Retail,440,1986,,,,
11454,11454.xml,0,Office,15460,1912,2006,21,65,2014
11455,11455.xml,0,Retail,3250,1925,1996,,,
11507,11507.xml,0,Office,25475,1907,2007,,,
11529,11529.xml,0,Office,7200,1931,2015,,,
11535,11535.xml,0,Retail,12400,1984,,9,24,2015
11536,11536.xml,0,Office,23979,1988,2000,39,121,2015
11547,11547.xml,0,Office,2858,1934,2003,,,
11551,11551.xml,0,Retail,3594,1922,1999,,,
11581,11581.xml,0,Office,4000,1924,,,,
11585,11585.xml,0,Retail,3078,1929,2000,,,
11587,11587.xml,0,Retail,6500,1926,2012,,,
11590,11590.xml,0,Office,3906,1953,,,,
11628,11628.xml,0,Retail,4092,1938,2002,,,
11681,11681.xml,0,Retail,3250,1923,2005,,,
11699,11699.xml,0,Retail,10925,1900,2000,,,
11742,11742.xml,0,Retail,5460,1921,2011,,,
11747,11747.xml,0,Office,4800,1980,,,,
11749,11749.xml,0,Office,4140,1924,2009,,,
11770,11770.xml,0,Retail,3281,1946,2001,,,
11775,11775.xml,0,Retail,5600,1907,2014,,,
11781,11781.xml,0,Office,25120,1912,2006,166,319,2014
11783,11783.xml,0,Retail,6286,1913,2009,,,
11785,11785.xml,0,Retail,4700,1989,1998,,,
11886,11886.xml,0,Retail,6547,1908,2012,,,
11888,11888.xml,0,Retail,3450,1929,1995,,,
11917,11917.xml,0,Retail,4442,1900,2008,,,
11933,11933.xml,0,Office,63272,1927,2006,50,105,2015
12017,12017.xml,0,Retail,20784,1907,2015,111,281,2015
12028,12028.xml,0,Retail,2000,1996,1996,,,
12058,12058.xml,0,Retail,2691,1924,,,,
12059,12059.xml,0,Retail,13136,1977,,,,
12064,12064.xml,0,Retail,1740,1908,2016,,,
12085,12085.xml,0,Retail,10218,1922,1999,,,
12096,12096.xml,0,Retail,7250,1919,2015,,,
12097,12097.xml,0,Office,24331,1908,2007,42,115,2015
12099,12099.xml,0,Office,9450,1924,2011,,,
12106,12106.xml,0,Retail,3018,1915,2000,,,
12127,12127.xml,0,Retail,2500,1906,2014,,,
12153,12153.xml,0,Retail,6480,1907,2013,,,
12163,12163.xml,0,Retail,4625,1914,2007,,,
12176,12176.xml,0,Retail,3268,1927,1999,,,
12192,12192.xml,0,Office,10221,1909,2016,,,
12229,12229.xml,0,Retail,2766,1946,1997,,,
12232,12232.xml,0,Retail,14248,1906,2009,47,121,2015
12247,12247.xml,0,Retail,3250,1904,2014,,,
12266,12266.xml,0,Retail,3574,1981,1998,,,
12297,12297.xml,0,Retail,6150,1900,2004,,,
12301,12301.xml,0,Retail,6960,1913,2006,,,
12303,12303.xml,0,Retail,3420,1949,2012,,,
12306,12306.xml,0,Retail,3277,1914,1996,,,
12314,12314.xml,0,Office,9477,1908,2004,,,
12317,12317.xml,0,Retail,7170,1930,2011,,,
12328,12328.xml,0,Office,7485,1900,2011,,,
12339,12339.xml,0,Office,9120,1906,2003,,,
12351,12351.xml,0,Office,19260,1907,1996,20,36,2015
12354,12354.xml,0,Retail,3720,1936,,,,
12380,12380.xml,0,Office,8760,1913,2015,,,
12381,12381.xml,0,Retail,11390,1993,1997,,,
12456,12456.xml,0,Retail,3613,1968,2007,,,
12465,12465.xml,0,Retail,3900,1927,2004,,,
12497,12497.xml,0,Retail,6975,1908,2011,,,
12557,12557.xml,0,Office,4183,1979,1998,,,
12563,12563.xml,0,Retail,18130,1906,2014,,,
12580,12580.xml,0,Retail,6502,1908,2014,,,
12588,12588.xml,0,Office,4208,1979,1998,,,
12603,12603.xml,0,Retail,6300,1922,2014,,,
12604,12604.xml,0,Office,14456,1986,,15,49,2015
12607,12607.xml,0,Retail,3705,1918,2005,,,
12621,12621.xml,0,Office,24250,1908,2012,,,
12646,12646.xml,0,Office,23177,1907,1994,69,147,2013
12651,12651.xml,0,Retail,17335,1909,2003,47,147,2014
12654,12654.xml,0,Office,12104,1907,2014,,,
12713,12713.xml,0,Office,13825,1921,2000,,,
12723,12723.xml,0,Retail,6459,7988,,,,
12732,12732.xml,0,Retail,8428,1911,2011,,,
12741,12741.xml,0,Retail,3455,1910,2008,,,
12762,12762.xml,0,Retail,2536,1925,2015,,,
12768,12768.xml,0,Retail,9900,1922,2015,,,
12800,12800.xml,0,Retail,3150,1937,2000,,,
12824,12824.xml,0,Retail,3801,1950,2006,,,
12887,12887.xml,0,Retail,1446,1948,,,,
12912,12912.xml,0,Retail,2640,1900,,,,
12935,12935.xml,0,Office,6570,1916,2000,,,
12942,12942.xml,0,Retail,7809,1966,1999,,,
12969,12969.xml,0,Retail,16000,1908,2015,,,
13017,13017.xml,0,Retail,3360,1913,2014,,,
13022,13022.xml,0,Retail,3200,1926,,,,
13026,13026.xml,0,Retail,1950,1916,2009,,,
13030,13030.xml,0,Retail,3900,1946,2011,,,
13060,13060.xml,0,Retail,3500,1919,2014,,,
13062,13062.xml,0,Office,4080,1921,2015,,,
13080,13080.xml,0,Retail,2743,2008,,,,
13126,13126.xml,0,Retail,3250,1909,,,,
13128,13128.xml,0,Retail,596,1996,1997,,,
13161,13161.xml,0,Retail,10229,1907,2015,,,
13188,13188.xml,0,Retail,2925,1948,,,,
13207,13207.xml,0,Retail,2420,1950,2000,,,
13255,13255.xml,0,Office,6140,1918,2005,,,
13284,13284.xml,0,Retail,2924,1921,,,,
13285,13285.xml,0,Retail,5950,1925,1998,,,
13287,13287.xml,0,Retail,3468,1926,2007,,,
13300,13300.xml,0,Retail,7162,1911,1996,,,
13304,13304.xml,0,Retail,2910,1950,,,,
13337,13337.xml,0,Retail,2080,1931,,,,
13347,13347.xml,0,Retail,2682,1926,1999,,,
13382,13382.xml,0,Retail,5834,1907,,,,
13386,13386.xml,0,Retail,6732,1906,2016,,,
13438,13438.xml,0,Retail,6980,1923,2000,,,
13478,13478.xml,0,Office,5160,1917,2013,,,
13487,13487.xml,0,Office,4085,1907,2007,,,
13539,13539.xml,0,Office,7507,1910,2004,,,
13576,13576.xml,0,Office,15615,1907,1999,,,
13580,13580.xml,0,Office,18963,1925,,51,124,2015
13658,13658.xml,0,Retail,17268,1909,2015,,,
13676,13676.xml,0,Office,4920,1984,2008,,,
13709,13709.xml,0,Retail,10908,,2000,,,
13714,13714.xml,0,Retail,1995,1988,2007,,,
13739,13739.xml,0,Retail,6434,1979,2000,,,
13746,13746.xml,0,Retail,2950,1955,2011,,,
13754,13754.xml,0,Retail,2234,1972,2012,,,
13814,13814.xml,0,Retail,2800,1925,,,,
13840,13840.xml,0,Retail,4264,1932,2004,,,
13890,13890.xml,0,Office,8405,1963,2004,,,
13891,13891.xml,0,Retail,2900,1900,,,,
13925,13925.xml,0,Retail,4270,1906,1994,,,
13946,13946.xml,0,Office,3082,1910,1998,,,
14012,14012.xml,0,Office,5124,1968,,,,
14035,14035.xml,0,Retail,3496,1920,,,,
14084,14084.xml,0,Retail,6070,1908,,,,
14086,14086.xml,0,Retail,9250,1907,2014,,,
14103,14103.xml,0,Retail,2775,1915,2011,,,
14128,14128.xml,0,Retail,3490,1900,2013,,,
14165,14165.xml,0,Retail,3070,1907,2010,,,
14168,14168.xml,0,Office,3288,1910,,,,
14193,14193.xml,0,Office,9993,1900,2013,,,
14205,14205.xml,0,Retail,5215,1907,1999,,,
14229,14229.xml,0,Retail,2783,1926,1999,,,
14234,14234.xml,0,Retail,3000,1948,2001,,,
14238,14238.xml,0,Retail,3525,1922,1999,,,
14271,14271.xml,0,Retail,2200,1924,1997,,,
14327,14327.xml,0,Retail,10755,1925,2004,,,
14348,14348.xml,0,Retail,4600,1923,,,,
14362,14362.xml,0,Retail,1800,1919,2007,,,
14381,14381.xml,0,Retail,2080,1910,,,,
14388,14388.xml,0,Retail,5387,1971,1999,,,
14404,14404.xml,0,Office,6600,1982,1998,,,
14427,14427.xml,0,Retail,2423,1996,2011,,,
14433,14433.xml,0,Retail,2875,1924,,,,
14437,14437.xml,0,Retail,574,1928,,,,
14444,14444.xml,0,Retail,6300,1912,2012,,,
14446,14446.xml,0,Retail,2970,1941,2015,,,
14449,14449.xml,0,Retail,4296,1942,2011,,,
14453,14453.xml,0,Office,3346,1957,2000,,,
14459,14459.xml,0,Office,2886,1933,2009,,,
14486,14486.xml,0,Retail,2900,1960,2015,,,
14506,14506.xml,0,Retail,4250,1900,1996,,,
14514,14514.xml,0,Office,3700,1915,2000,,,
14520,14520.xml,0,Office,8910,1960,1998,,,
14530,14530.xml,0,Office,9504,1907,2003,,,
14539,14539.xml,0,Retail,5910,1907,2010,,,
14564,14564.xml,0,Office,21420,1907,2010,55,95,2015
14597,14597.xml,0,Retail,3780,1914,1994,,,
14603,14603.xml,0,Retail,3000,1907,2003,,,
14654,14654.xml,0,Retail,4700,1989,,,,
14666,14666.xml,0,Retail,2575,1950,2010,,,
14726,14726.xml,0,Retail,3500,1926,,,,
14736,14736.xml,0,Office,5760,1968,2009,,,
14758,14758.xml,0,Retail,2830,1936,,,,
14761,14761.xml,0,Retail,3750,1907,2005,,,
14789,14789.xml,0,Retail,10755,1925,2004,,,
14814,14814.xml,0,Retail,2614,1907,2012,,,
14817,14817.xml,0,Retail,8014,1926,2014,,,
14848,14848.xml,0,Retail,3025,1917,1998,,,
14855,14855.xml,0,Retail,2940,1923,2014,,,
14868,14868.xml,0,Retail,6400,1925,1995,,,
14870,14870.xml,0,Office,6000,1985,2010,,,
14913,14913.xml,0,Retail,2812,1972,,,,
14922,14922.xml,0,Office,2660,1940,2006,,,
14931,14931.xml,0,Office,5600,1924,,,,
14935,14935.xml,0,Office,11455,1900,2013,19,62,2015
14948,14948.xml,0,Retail,3420,1933,2013,,,
14977,14977.xml,0,Retail,14300,1930,2003,,,
15010,15010.xml,0,Retail,2214,1906,2007,,,
15071,15071.xml,0,Retail,5360,1927,,,,
15078,15078.xml,0,Office,5448,1910,2008,,,
15112,15112.xml,0,Retail,2800,1900,2016,,,
15132,15132.xml,0,Office,9600,1946,2012,,,
15144,15144.xml,0,Retail,4890,1915,2002,,,
15152,15152.xml,0,Retail,1884,1900,1999,,,
15161,15161.xml,0,Office,3288,1925,2007,,,
15197,15197.xml,0,Retail,2550,1926,2007,,,
15250,15250.xml,0,Retail,2350,1906,1998,,,
15271,15271.xml,0,Office,5980,1939,2013,,,
15280,15280.xml,0,Retail,6240,1910,1999,,,
15296,15296.xml,0,Retail,5812,1936,2003,,,
15316,15316.xml,0,Office,6931,1907,1999,,,
15317,15317.xml,0,Office,9940,1996,2012,,,
15489,15489.xml,0,Office,18337,1922,2011,,,
15519,15519.xml,0,Retail,1250,1921,2014,,,
15521,15521.xml,0,Retail,8692,1907,,,,
15559,15559.xml,0,Office,8424,1926,2010,,,
15569,15569.xml,0,Retail,2650,1970,,,,
15571,15571.xml,0,Retail,950,1916,2014,,,
15576,15576.xml,0,Retail,2500,1940,,,,
15607,15607.xml,0,Retail,2592,1931,,,,
15613,15613.xml,0,Office,5630,1935,2011,,,
15622,15622.xml,0,Office,2729,1978,,,,
15647,15647.xml,0,Office,5390,1922,2013,,,
15671,15671.xml,0,Retail,4700,1912,2010,,,
15686,15686.xml,0,Retail,2900,1929,,,,
15693,15693.xml,0,Office,6636,1900,2008,,,
15700,15700.xml,0,Retail,4150,1909,1997,,,
15715,15715.xml,0,Office,4253,1907,2014,,,
15730,15730.xml,0,Retail,4826,1976,1996,,,
15790,15790.xml,0,Retail,1110,1900,2011,,,
15801,15801.xml,0,Office,5936,1907,2007,,,
15805,15805.xml,0,Retail,7896,1910,,,,
15832,15832.xml,0,Retail,4126,1906,,,,
15839,15839.xml,0,Office,2240,1924,2002,,,
15861,15861.xml,0,Retail,2450,1939,2016,,,
15863,15863.xml,0,Office,5452,1911,,,,
15869,15869.xml,0,Retail,2525,1907,2010,,,
15878,15878.xml,0,Retail,5157,1922,1999,,,
15914,15914.xml,0,Retail,2970,1920,2003,,,
15915,15915.xml,0,Retail,3640,1936,,,,
15951,15951.xml,0,Office,3270,1969,,,,
15965,15965.xml,0,Office,3000,1921,2013,,,
15988,15988.xml,0,Retail,2212,1927,2015,,,
15993,15993.xml,0,Retail,2800,1904,,,,
16006,16006.xml,0,Retail,9282,1911,2010,,,
16017,16017.xml,0,Retail,2780,1907,,,,
16077,16077.xml,0,Office,3512,1900,2003,,,
16121,16121.xml,0,Retail,2667,1924,2015,,,
16185,16185.xml,0,Retail,3220,1965,2001,,,
16186,16186.xml,0,Retail,3134,1929,2002,,,
16226,16226.xml,0,Retail,3272,1911,,,,
16244,16244.xml,0,Retail,2250,1929,,,,
16300,16300.xml,0,Retail,2500,1982,2015,,,
16352,16352.xml,0,Office,1689,1922,1999,,,
16409,16409.xml,0,Retail,8745,1917,2014,,,
16415,16415.xml,0,Retail,3411,1938,2006,,,
16418,16418.xml,0,Office,3930,1949,,,,
16451,16451.xml,0,Retail,3075,1908,,,,
16476,16476.xml,0,Retail,5250,1937,,,,
16488,16488.xml,0,Office,3520,1977,,,,
16499,16499.xml,0,Retail,2530,1928,1999,,,
16507,16507.xml,0,Retail,4968,1926,2010,,,
16529,16529.xml,0,Retail,2575,1910,2010,,,
16555,16555.xml,0,Retail,3546,1900,2014,,,
16571,16571.xml,0,Retail,5625,1914,2009,,,
16576,16576.xml,0,Retail,2400,1912,2007,,,
16588,16588.xml,0,Office,2880,1955,1997,,,
16644,16644.xml,0,Retail,11734,1907,,31,89,2014
16681,16681.xml,0,Retail,5066,1911,,,,
16709,16709.xml,0,Office,5270,1925,2007,,,
16725,16725.xml,0,Retail,3025,1900,,,,
16736,16736.xml,0,Office,5436,1922,2014,,,
16781,16781.xml,0,Retail,4500,1930,2013,,,
16786,16786.xml,0,Retail,1296,1968,,,,
16789,16789.xml,0,Office,4000,1931,2008,,,
16801,16801.xml,0,Retail,8913,1918,,,,
16814,16814.xml,0,Retail,3675,1923,1995,,,
16897,16897.xml,0,Retail,2620,1924,2009,,,
16967,16967.xml,0,Office,3295,1984,,,,
16978,16978.xml,0,Retail,4255,1906,2012,,,
17001,17001.xml,0,Retail,2450,1928,2002,,,
17006,17006.xml,0,Office,1510,1983,2009,43,137,2015
17011,17011.xml,0,Retail,1450,1910,2010,,,
17026,17026.xml,0,Office,5280,1900,2016,,,
17029,17029.xml,0,Office,24000,1927,2004,,,
17063,17063.xml,0,Retail,2976,1920,2003,,,
17076,17076.xml,0,Retail,1625,1900,,,,
17094,17094.xml,0,Office,16200,1908,2015,27,86,2015
17122,17122.xml,0,Retail,5068,1907,,,,
17126,17126.xml,0,Retail,7065,1937,,,,
17129,17129.xml,0,Retail,4718,1990,2006,,,
17159,17159.xml,0,Retail,2450,1938,,,,
17203,17203.xml,0,Retail,2125,1910,1999,,,
17236,17236.xml,0,Retail,2863,1925,,,,
17255,17255.xml,0,Retail,2375,1909,2013,,,
17269,17269.xml,0,Retail,3040,1907,,,,
17272,17272.xml,0,Retail,5580,1906,2014,,,
17303,17303.xml,0,Retail,3262,1900,2002,,,
17313,17313.xml,0,Retail,4435,1900,,,,
17322,17322.xml,0,Office,9000,1904,1998,,,
17391,17391.xml,0,Retail,5400,1934,2000,,,
17412,17412.xml,0,Retail,1825,1922,,,,
17415,17415.xml,0,Retail,1650,1915,1996,,,
17420,17420.xml,0,Retail,2430,1924,,,,
17426,17426.xml,0,Retail,5000,1904,2000,,,
17430,17430.xml,0,Retail,3230,1917,2015,,,
17435,17435.xml,0,Office,4783,1974,,,,
17448,17448.xml,0,Retail,2238,1966,1997,,,
17453,17453.xml,0,Retail,3675,1925,,,,
17465,17465.xml,0,Office,5980,1904,1996,,,
17485,17485.xml,0,Retail,3508,1905,2011,,,
17519,17519.xml,0,Retail,2324,1911,2014,,,
17555,17555.xml,0,Retail,3550,1902,,,,
17565,17565.xml,0,Office,1235,2008,2011,,,
17599,17599.xml,0,Retail,2700,1920,,,,
17600,17600.xml,0,Retail,2850,1929,,,,
17615,17615.xml,0,Retail,2875,1906,2012,,,
17641,17641.xml,0,Retail,8420,1908,2008,,,
17651,17651.xml,0,Retail,1411,1908,,,,
17669,17669.xml,0,Retail,5036,1913,1996,,,
17699,17699.xml,0,Retail,1690,1908,1997,,,
17704,17704.xml,0,Retail,2944,1905,1997,,,
17728,17728.xml,0,Retail,4565,1920,,,,
17738,17738.xml,0,Retail,2250,1959,,,,
17776,17776.xml,0,Retail,4800,1909,2000,,,
17785,17785.xml,0,Retail,1875,1939,2016,,,
17804,17804.xml,0,Retail,1500,1950,,,,
17818,17818.xml,0,Retail,1650,1934,,,,
17872,17872.xml,0,Retail,2106,1935,1997,,,
17886,17886.xml,0,Office,1500,1907,2015,,,
17887,17887.xml,0,Retail,2500,1948,,,,
17902,17902.xml,0,Retail,2195,1900,2010,,,
17941,17941.xml,0,Retail,2100,1977,2010,,,
17973,17973.xml,0,Retail,4261,1982,,,,
17999,17999.xml,0,Retail,2981,1906,2014,,,
18015,18015.xml,0,Retail,2420,1937,1997,,,
18027,18027.xml,0,Retail,2024,1924,1998,,,
18034,18034.xml,0,Retail,2500,1925,2014,,,
18035,18035.xml,0,Retail,3565,1913,2011,,,
18039,18039.xml,0,Retail,4000,1991,2014,,,
18046,18046.xml,0,Office,2227,1975,1996,,,
18051,18051.xml,0,Retail,2534,1915,,,,
18053,18053.xml,0,Retail,1602,1925,2003,,,
18103,18103.xml,0,Office,24000,1927,2004,74,175,2013
18118,18118.xml,0,Retail,6692,1908,2014,,,
18155,18155.xml,0,Retail,2574,1915,,,,
18156,18156.xml,0,Retail,5195,1916,2014,,,
18164,18164.xml,0,Retail,3888,1912,2005,,,
18187,18187.xml,0,Office,4930,1978,2011,,,
18193,18193.xml,0,Retail,2312,1957,,,,
18201,18201.xml,0,Retail,2437,1949,,,,
18211,18211.xml,0,Retail,2500,1946,,,,
18212,18212.xml,0,Retail,2500,1900,1996,,,
18222,18222.xml,0,Retail,2400,1909,,,,
18248,18248.xml,0,Retail,1880,1962,2004,,,
18269,18269.xml,0,Retail,2620,1940,,,,
18289,18289.xml,0,Retail,5250,1915,2006,,,
18304,18304.xml,0,Retail,1962,1900,1999,,,
18326,18326.xml,0,Retail,2500,1954,2004,,,
18355,18355.xml,0,Retail,2500,1930,2000,,,
18358,18358.xml,0,Retail,2366,1956,2011,,,
18374,18374.xml,0,Retail,2502,1924,2008,,,
18393,18393.xml,0,Retail,1915,1906,2015,,,
18401,18401.xml,0,Office,5220,1907,1998,,,
18413,18413.xml,0,Retail,2125,1930,1996,,,
18433,18433.xml,0,Office,3000,1935,2015,,,
18461,18461.xml,0,Retail,2600,1924,2009,,,
18473,18473.xml,0,Retail,4860,1989,1999,,,
18532,18532.xml,0,Office,2258,1921,2014,,,
18555,18555.xml,0,Retail,11025,1907,2011,75,235,2014
18574,18574.xml,0,Retail,1632,1923,,,,
18576,18576.xml,0,Retail,1557,1900,2014,,,
18693,18693.xml,0,Office,5240,1920,,,,
18722,18722.xml,0,Retail,4125,1988,1998,,,
18749,18749.xml,0,Retail,2450,1922,2014,,,
18753,18753.xml,0,Retail,2500,1986,,,,
18779,18779.xml,0,Retail,16120,1928,,,,
18805,18805.xml,0,Retail,1760,1924,1995,,,
18852,18852.xml,0,Retail,900,1948,,,,
18876,18876.xml,0,Retail,4125,1989,2004,,,
18926,18926.xml,0,Office,4650,1916,2015,,,
18951,18951.xml,0,Retail,7880,1909,2003,,,
18982,18982.xml,0,Retail,5089,1962,2010,,,
18985,18985.xml,0,Retail,2500,1907,2007,,,
19015,19015.xml,0,Retail,1772,1907,2008,,,
19016,19016.xml,0,Retail,2500,1907,2015,,,
19029,19029.xml,0,Retail,2470,1924,,,,
19077,19077.xml,0,Retail,2375,1919,1999,,,
19139,19139.xml,0,Retail,2430,1948,1995,,,
19166,19166.xml,0,Retail,3032,1907,2014,,,
19206,19206.xml,0,Office,6010,1989,2011,,,
19220,19220.xml,0,Retail,5785,1948,2001,,,
19244,19244.xml,0,Office,4750,1921,2000,,,
19255,19255.xml,0,Office,2357,1922,2013,,,
19259,19259.xml,0,Retail,7090,1907,1998,,,
19280,19280.xml,0,Office,13589,1971,2000,27,78,2015
19293,19293.xml,0,Retail,990,1906,2013,,,
19301,19301.xml,0,Retail,2988,1924,,,,
19319,19319.xml,0,Office,10275,1907,2004,43,133,2015
19377,19377.xml,0,Office,5358,1981,2014,,,
19439,19439.xml,0,Retail,2814,1926,2006,,,
19528,19528.xml,0,Retail,1150,1906,2010,,,
19566,19566.xml,0,Retail,1260,1922,2016,,,
19586,19586.xml,0,Retail,4375,1987,1998,,,
19601,19601.xml,0,Retail,5322,1910,2014,,,
19717,19717.xml,0,Retail,2375,1906,2007,,,
19844,19844.xml,0,Retail,2325,1925,,,,
19907,19907.xml,0,Retail,2400,1919,2014,,,
19963,19963.xml,0,Retail,12086,1906,,,,
19987,19987.xml,0,Retail,18160,1920,2009,,,
20042,20042.xml,0,Office,6900,1963,2014,,,
20045,20045.xml,0,Retail,5075,1989,2010,,,
20060,20060.xml,0,Retail,3685,1900,1995,,,
20099,20099.xml,0,Retail,4245,1987,2000,,,
20142,20142.xml,0,Retail,4516,1979,1998,,,
20192,20192.xml,0,Office,4500,1931,2001,,,
20197,20197.xml,0,Retail,5148,1885,2011,,,
20210,20210.xml,0,Retail,7285,1923,1994,,,
20226,20226.xml,0,Retail,1815,1900,2015,,,
20269,20269.xml,0,Retail,2880,1937,,,,
20305,20305.xml,0,Retail,2276,1906,1998,,,
20344,20344.xml,0,Office,4100,1916,2015,,,
20382,20382.xml,0,Retail,2336,1956,2016,,,
20392,20392.xml,0,Retail,1890,1922,2014,,,
20413,20413.xml,0,Retail,709,1941,,,,
20464,20464.xml,0,Retail,9120,1900,2015,,,
20471,20471.xml,0,Retail,2500,1928,2001,,,
20483,20483.xml,0,Retail,2175,1931,1999,,,
20495,20495.xml,0,Retail,2800,1915,1997,,,
20498,20498.xml,0,Retail,2490,1922,2004,,,
20574,20574.xml,0,Office,3958,1914,1998,,,
20586,20586.xml,0,Retail,2315,1957,2000,,,
20608,20608.xml,0,Office,3392,1920,2003,,,
20617,20617.xml,0,Retail,990,1921,,,,
20622,20622.xml,0,Retail,2340,1927,1995,,,
20676,20676.xml,0,Retail,2375,1923,2001,,,
20728,20728.xml,0,Office,5610,1909,,,,
20768,20768.xml,0,Retail,6600,1922,2003,,,
20777,20777.xml,0,Retail,2400,1950,,,,
20809,20809.xml,0,Retail,2550,1915,2001,,,
20814,20814.xml,0,Retail,2821,1890,,,,
20828,20828.xml,0,Retail,1350,1924,2004,,,
20975,20975.xml,0,Retail,6120,1914,,,,
21037,21037.xml,0,Office,5096,1913,2011,,,
21044,21044.xml,0,Retail,1911,1933,1996,,,
21076,21076.xml,0,Office,2287,1920,2014,,,
21166,21166.xml,0,Retail,1950,1922,1994,,,
21182,21182.xml,0,Retail,4500,1979,,,,
21253,21253.xml,0,Retail,2263,1993,,,,
21291,21291.xml,0,Retail,800,1928,,,,
21299,21299.xml,0,Retail,2325,1926,1999,,,
21332,21332.xml,0,Office,5305,1916,,,,
21350,21350.xml,0,Retail,2175,1922,2003,,,
21361,21361.xml,0,Retail,2736,1975,,,,
21405,21405.xml,0,Retail,2173,1920,2001,,,
21538,21538.xml,0,Retail,4738,1924,1998,,,
21550,21550.xml,0,Retail,1600,1970,1999,,,
21586,21586.xml,0,Retail,2272,1933,2001,,,
21604,21604.xml,0,Retail,1850,1948,2004,,,
21609,21609.xml,0,Office,4500,1900,,,,
21643,21643.xml,0,Retail,2275,1922,2011,,,
21658,21658.xml,0,Office,2360,1928,,,,
21675,21675.xml,0,Retail,1670,1902,,,,
21813,21813.xml,0,Retail,4500,1900,2001,,,
21858,21858.xml,0,Retail,2000,1959,2011,,,
21930,21930.xml,0,Office,9700,1908,2015,,,
22020,22020.xml,0,Office,11174,1911,2005,,,
22021,22021.xml,0,Retail,3230,1900,1999,,,
22088,22088.xml,0,Retail,2250,1937,1996,,,
22100,22100.xml,0,Office,3087,1959,,,,
22102,22102.xml,0,Office,850,1937,,,,
22168,22168.xml,0,Retail,2250,1924,,,,
22197,22197.xml,0,Office,3768,1921,2014,,,
22297,22297.xml,0,Retail,1940,1906,,,,
22313,22313.xml,0,Office,4500,1909,2008,,,
22349,22349.xml,0,Retail,2250,1906,,,,
22373,22373.xml,0,Retail,2250,1939,2001,,,
22390,22390.xml,0,Retail,2600,1926,,,,
22425,22425.xml,0,Retail,2632,1916,2006,,,
22442,22442.xml,0,Retail,3270,1908,1994,,,
22457,22457.xml,0,Retail,7174,1907,,,,
22524,22524.xml,0,Retail,2250,1915,2006,,,
22572,22572.xml,0,Retail,5156,1900,,,,
22576,22576.xml,0,Retail,1480,1922,2008,,,
22669,22669.xml,0,Retail,1815,1955,2011,,,
22878,22878.xml,0,Retail,2250,1934,1998,,,
22894,22894.xml,0,Retail,5460,1900,2006,,,
22961,22961.xml,0,Office,6375,1907,2006,,,
23061,23061.xml,0,Retail,5190,1927,2015,,,
23083,23083.xml,0,Office,2794,1924,2014,,,
23099,23099.xml,0,Office,7500,1906,2006,,,
23100,23100.xml,0,Office,6122,1907,,,,
23106,23106.xml,0,Retail,1920,1930,2007,,,
23120,23120.xml,0,Retail,2250,1932,2000,,,
23216,23216.xml,0,Retail,1325,1942,1995,,,
23446,23446.xml,0,Retail,6900,1909,1998,,,
23465,23465.xml,0,Retail,2087,1923,1996,,,
23470,23470.xml,0,Retail,1800,1912,1996,,,
23559,23559.xml,0,Office,4500,1948,2007,,,
23602,23602.xml,0,Retail,1804,1941,1995,,,
23621,23621.xml,0,Retail,2112,1922,2001,,,
23645,23645.xml,0,Retail,2310,1911,1996,,,
23764,23764.xml,0,Retail,2660,1923,,,,
23802,23802.xml,0,Retail,4080,1906,,,,
23860,23860.xml,0,Retail,3750,1906,2007,,,
23879,23879.xml,0,Office,1950,1977,1996,,,
24005,24005.xml,0,Retail,2062,1922,,,,
24029,24029.xml,0,Retail,6150,1922,2007,,,
24134,24134.xml,0,Retail,3626,1914,,,,
24135,24135.xml,0,Retail,2040,1950,,,,
24149,24149.xml,0,Office,3067,1925,2007,,,
24194,24194.xml,0,Office,6448,2003,2007,,,
24243,24243.xml,0,Retail,2625,1926,2007,,,
24304,24304.xml,0,Office,4325,1952,2016,,,
24390,24390.xml,0,Office,4021,1917,,,,
24405,24405.xml,0,Retail,3250,1900,2011,,,
24444,24444.xml,0,Retail,2015,1933,1998,,,
24469,24469.xml,0,Retail,1525,1917,1998,,,
24470,24470.xml,0,Office,6550,1923,2010,,,
24537,24537.xml,0,Retail,2889,1946,,,,
24615,24615.xml,0,Retail,2700,1940,1995,,,
24624,24624.xml,0,Office,3325,1950,2008,,,
24646,24646.xml,0,Office,2427,1952,2013,,,
24693,24693.xml,0,Retail,4200,1988,2011,,,
24833,24833.xml,0,Retail,2066,1948,,,,
24834,24834.xml,0,Retail,2125,1915,1995,,,
24854,24854.xml,0,Retail,1680,1933,2000,,,
24960,24960.xml,0,Retail,6840,1909,1998,,,
25261,25261.xml,0,Retail,2087,1925,,,,
25333,25333.xml,0,Retail,2875,1907,,,,
25408,25408.xml,0,Retail,3650,1907,2002,,,
25453,25453.xml,0,Retail,2700,1933,2015,,,
25482,25482.xml,0,Retail,2087,1969,2012,,,
25552,25552.xml,0,Retail,2000,1923,,,,
25556,25556.xml,0,Retail,4497,1923,2013,,,
25578,25578.xml,0,Retail,4100,1930,,,,
25601,25601.xml,0,Office,1720,1923,,,,
25681,25681.xml,0,Retail,2369,1948,1997,,,
25716,25716.xml,0,Retail,2062,1907,1999,,,
25785,25785.xml,0,Retail,300,1945,,,,
25799,25799.xml,0,Office,3000,1984,,,,
25881,25881.xml,0,Retail,2000,1929,,,,
25935,25935.xml,0,Office,2500,1926,2007,,,
25947,25947.xml,0,Retail,7626,1907,,,,
25958,25958.xml,0,Retail,1350,1914,1997,,,
25988,25988.xml,0,Retail,1735,1900,1998,,,
26064,26064.xml,0,Office,7298,1906,,,,
26219,26219.xml,0,Retail,2600,1923,2010,,,
26221,26221.xml,0,Retail,1875,1946,2000,,,
26313,26313.xml,0,Office,7599,1905,,,,
26347,26347.xml,0,Retail,2550,1922,2005,,,
26422,26422.xml,0,Retail,3750,1907,,,,
26589,26589.xml,0,Retail,3760,1916,,,,
26642,26642.xml,0,Office,2000,1920,2001,,,
26691,26691.xml,0,Retail,4308,1985,1998,,,
26738,26738.xml,0,Retail,1618,1926,,,,
26757,26757.xml,0,Retail,2000,1924,2000,,,
26806,26806.xml,0,Retail,2075,1946,,,,
26856,26856.xml,0,Retail,2000,1960,2013,,,
26879,26879.xml,0,Office,1080,1958,2004,,,
26904,26904.xml,0,Retail,2275,1923,2007,,,
26921,26921.xml,0,Retail,5776,1973,2006,,,
26977,26977.xml,0,Retail,2246,1925,,,,
26980,26980.xml,0,Office,18312,1928,2006,145,263,2015
27169,27169.xml,0,Retail,3835,1909,1996,,,
27271,27271.xml,0,Retail,3942,1992,,,,
27369,27369.xml,0,Retail,3657,1925,2002,,,
27524,27524.xml,0,Retail,3900,1934,,,,
27586,27586.xml,0,Retail,6168,1910,2010,,,
27588,27588.xml,0,Retail,5310,1920,2015,,,
27600,27600.xml,0,Retail,2087,1926,1996,,,
27711,27711.xml,0,Retail,1782,1958,1999,,,
27715,27715.xml,0,Retail,1558,1970,2009,,,
27761,27761.xml,0,Office,9001,1929,2000,,,
27805,27805.xml,0,Office,3130,1909,2014,,,
27818,27818.xml,0,Retail,1716,1923,2000,,,
27834,27834.xml,0,Retail,2000,1918,,,,
27847,27847.xml,0,Retail,1825,1956,2000,,,
27905,27905.xml,0,Retail,2192,1921,2004,,,
28040,28040.xml,0,Office,4000,1900,,,,
28070,28070.xml,0,Office,2160,1922,2003,,,
28120,28120.xml,0,Office,5750,1923,1999,,,
28211,28211.xml,0,Office,1268,1914,1995,,,
28212,28212.xml,0,Office,1995,1940,,,,
28277,28277.xml,0,Retail,4000,1951,,,,
28397,28397.xml,0,Office,3768,1950,,,,
28523,28523.xml,0,Retail,3432,1977,2000,,,
28541,28541.xml,0,Retail,2025,1931,,,,
28562,28562.xml,0,Retail,4525,1904,2003,,,
28728,28728.xml,0,Retail,4406,1923,2000,,,
28741,28741.xml,0,Office,11113,1966,2015,38,90,2015
28773,28773.xml,0,Retail,2971,1906,,,,
28817,28817.xml,0,Retail,3150,1900,2002,,,
28875,28875.xml,0,Retail,2100,1994,2003,,,
28923,28923.xml,0,Retail,4000,1977,2007,,,
29038,29038.xml,0,Retail,1620,1926,2000,,,
29058,29058.xml,0,Retail,5445,1908,,,,
29181,29181.xml,0,Retail,2000,1940,,,,
29205,29205.xml,0,Retail,1935,1958,,,,
29217,29217.xml,0,Retail,2000,1926,2000,,,
29499,29499.xml,0,Office,3200,1911,2013,,,
29542,29542.xml,0,Retail,2000,1904,1994,,,
29629,29629.xml,0,Retail,1350,1948,,,,
29644,29644.xml,0,Office,7200,1981,2009,,,
29782,29782.xml,0,Retail,384,1963,2015,,,
29902,29902.xml,0,Retail,2000,1940,1998,,,
29905,29905.xml,0,Office,1975,1921,2014,,,
29983,29983.xml,0,Retail,3594,1978,,,,
30134,30134.xml,0,Office,3809,1950,2006,,,
30301,30301.xml,0,Retail,1375,1900,1999,,,
30383,30383.xml,0,Office,1091,1922,1994,,,
30440,30440.xml,0,Office,2900,1915,2001,,,
30508,30508.xml,0,Retail,2000,1937,1999,,,
30561,30561.xml,0,Retail,3670,1907,1997,,,
30681,30681.xml,0,Office,3750,1900,,,,
30728,30728.xml,0,Retail,10000,1909,2013,,,
30757,30757.xml,0,Retail,1927,1918,,,,
30763,30763.xml,0,Retail,8150,1909,2004,,,
30832,30832.xml,0,Retail,3500,1929,1997,,,
30843,30843.xml,0,Office,3314,1963,,,,
30889,30889.xml,0,Office,7840,1969,,,,
31203,31203.xml,0,Retail,5820,1912,,,,
31230,31230.xml,0,Retail,2453,1910,1997,,,
31253,31253.xml,0,Retail,3020,1900,2005,,,
31306,31306.xml,0,Office,4660,1913,2001,,,
31315,31315.xml,0,Retail,1912,1926,2004,,,
31410,31410.xml,0,Office,2100,1928,,,,
31467,31467.xml,0,Retail,1750,1948,,,,
31489,31489.xml,0,Retail,533,1948,,,,
31537,31537.xml,0,Retail,1810,1928,1996,,,
31673,31673.xml,0,Office,2650,1900,,,,
31825,31825.xml,0,Retail,1652,1902,2015,,,
31996,31996.xml,0,Retail,192,1964,2015,,,
32006,32006.xml,0,Office,3625,1906,2015,,,
32131,32131.xml,0,Retail,1875,1921,2001,,,
32306,32306.xml,0,Retail,1740,1917,2015,,,
32357,32357.xml,0,Office,4650,1909,,,,
32375,32375.xml,0,Retail,3600,1952,1997,,,
32453,32453.xml,0,Retail,1663,1947,,,,
32466,32466.xml,0,Office,3641,1999,2013,,,
32501,32501.xml,0,Office,3594,1907,2013,,,
32542,32542.xml,0,Office,6576,1907,2003,,,
32653,32653.xml,0,Retail,1725,1900,2002,,,
32666,32666.xml,0,Retail,2079,1946,2001,,,
32693,32693.xml,0,Retail,3674,1922,,,,
32995,32995.xml,0,Office,4670,1930,2003,,,
33019,33019.xml,0,Retail,1750,1940,1996,,,
33066,33066.xml,0,Retail,2950,1915,1994,,,
33080,33080.xml,0,Retail,2100,1921,2002,,,
33368,33368.xml,0,Office,1882,1902,,,,
33439,33439.xml,0,Office,4000,1907,2007,,,
33550,33550.xml,0,Office,2611,1984,,,,
33572,33572.xml,0,Retail,4930,1982,2014,,,
33615,33615.xml,0,Retail,1900,1916,2008,,,
33676,33676.xml,0,Office,5628,1908,2014,,,
33729,33729.xml,0,Retail,4220,1908,,,,
33755,33755.xml,0,Office,1376,1951,,,,
33766,33766.xml,0,Office,4700,1907,2012,,,
33794,33794.xml,0,Retail,1720,1923,,,,
33966,33966.xml,0,Retail,1932,1922,,,,
34015,34015.xml,0,Retail,2000,1927,2005,,,
34088,34088.xml,0,Retail,3470,1900,2015,,,
34234,34234.xml,0,Retail,5150,1907,2012,,,
34254,34254.xml,0,Retail,2150,1921,2013,,,
34322,34322.xml,0,Retail,4160,1922,,,,
34387,34387.xml,0,Office,3261,1988,1998,,,
34477,34477.xml,0,Retail,5829,1907,2014,,,
34688,34688.xml,0,Retail,1470,1945,,,,
34698,34698.xml,0,Office,3500,1910,2015,,,
34858,34858.xml,0,Retail,3808,1926,1999,,,
35039,35039.xml,0,Retail,1750,1927,,,,
35127,35127.xml,0,Office,5625,1907,2011,,,
35263,35263.xml,0,Retail,4110,1907,2000,,,
35279,35279.xml,0,Retail,2562,1925,1999,,,
35455,35455.xml,0,Office,3500,1900,2013,,,
35554,35554.xml,0,Retail,3250,1948,,,,
35646,35646.xml,0,Office,6932,1908,1998,,,
35997,35997.xml,0,Retail,3000,1922,,,,
36062,36062.xml,0,Retail,5898,1907,,,,
36483,36483.xml,0,Office,5175,1910,2012,,,
36610,36610.xml,0,Office,2234,1900,2014,,,
36818,36818.xml,0,Retail,1550,1927,2011,,,
36856,36856.xml,0,Retail,2572,1923,1999,,,
36892,36892.xml,0,Retail,1360,1900,2011,,,
36982,36982.xml,0,Retail,1700,1969,2012,,,
37046,37046.xml,0,Retail,8243,1933,2008,,,
37244,37244.xml,0,Retail,1750,1928,2009,,,
37430,37430.xml,0,Retail,1660,1949,1998,,,
37517,37517.xml,0,Retail,1320,1951,1999,,,
37716,37716.xml,0,Retail,2090,1890,1999,,,
37722,37722.xml,0,Retail,1840,1919,2010,,,
37748,37748.xml,0,Retail,1500,1925,,,,
37860,37860.xml,0,Retail,3300,1907,2003,,,
37962,37962.xml,0,Office,3000,1907,2002,,,
37996,37996.xml,0,Retail,2250,1927,2015,,,
38064,38064.xml,0,Retail,1700,1934,2004,,,
38075,38075.xml,0,Retail,1500,1933,2001,,,
38107,38107.xml,0,Office,5454,2001,2007,,,
38237,38237.xml,0,Retail,2364,1936,1995,,,
38285,38285.xml,0,Retail,2648,1969,,,,
38380,38380.xml,0,Retail,3438,1989,1995,,,
38406,38406.xml,0,Retail,1980,1924,1996,,,
38443,38443.xml,0,Office,1838,1908,2003,,,
38725,38725.xml,0,Retail,1950,1947,1998,,,
39026,39026.xml,0,Retail,5985,1908,2012,,,
39134,39134.xml,0,Office,1750,1924,,,,
39157,39157.xml,0,Retail,3410,1890,2007,,,
39342,39342.xml,0,Office,1206,2006,2013,,,
39354,39354.xml,0,Retail,1930,1933,,,,
39360,39360.xml,0,Retail,1193,1947,,,,
39405,39405.xml,0,Office,1415,1952,2011,,,
39639,39639.xml,0,Retail,1375,1900,2009,,,
39799,39799.xml,0,Retail,3582,1926,1997,,,
39927,39927.xml,0,Retail,3600,1906,1995,,,
40003,40003.xml,0,Office,6000,1910,2014,,,
40109,40109.xml,0,Retail,2000,1915,,,,
40185,40185.xml,0,Office,5250,1906,2005,,,
40489,40489.xml,0,Retail,1662,1940,2006,,,
40521,40521.xml,0,Retail,4829,1907,,,,
40761,40761.xml,0,Office,3520,1959,2014,,,
40774,40774.xml,0,Retail,1625,1939,,,,
41016,41016.xml,0,Retail,1250,1911,2016,,,
41077,41077.xml,0,Office,5175,1908,1994,,,
41325,41325.xml,0,Retail,850,1917,1996,,,
41489,41489.xml,0,Office,2675,1948,,,,
41595,41595.xml,0,Retail,4727,1908,,,,
41678,41678.xml,0,Office,1750,1950,2000,,,
41756,41756.xml,0,Office,2075,1952,2007,,,
41871,41871.xml,0,Office,5181,1907,2012,,,
41967,41967.xml,0,Retail,7640,1907,,,,
42026,42026.xml,0,Retail,3620,1987,,,,
42142,42142.xml,0,Retail,684,1900,,,,
42263,42263.xml,0,Retail,2100,1940,,,,
42273,42273.xml,0,Retail,3276,1900,,,,
42480,42480.xml,0,Retail,1472,1921,,,,
42548,42548.xml,0,Retail,2288,1907,2010,,,
42573,42573.xml,0,Retail,1600,1917,1997,,,
42877,42877.xml,0,Retail,1392,1923,,,,
42947,42947.xml,0,Retail,1518,1971,,,,
43253,43253.xml,0,Retail,2070,1929,,,,
43409,43409.xml,0,Retail,2075,1926,2014,,,
43415,43415.xml,0,Retail,1750,1927,1999,,,
44086,44086.xml,0,Retail,1625,1900,1996,,,
44338,44338.xml,0,Retail,1580,1921,2002,,,
44464,44464.xml,0,Retail,1715,1972,,,,
44565,44565.xml,0,Retail,2600,1906,2004,,,
44826,44826.xml,0,Retail,1472,1912,,,,
44915,44915.xml,0,Retail,3300,1936,,,,
45546,45546.xml,0,Office,316,2007,,,,
45578,45578.xml,0,Retail,1595,1936,,,,
45942,45942.xml,0,Retail,2254,1922,,,,
46496,46496.xml,0,Office,11044,1905,1999,213,365,2015
46792,46792.xml,0,Retail,1750,1908,,,,
46862,46862.xml,0,Retail,3520,1908,,,,
47118,47118.xml,0,Retail,7413,1909,,,,
47353,47353.xml,0,Retail,1921,1932,2002,,,
47357,47357.xml,0,Retail,2000,1923,2014,,,
47577,47577.xml,0,Retail,10650,1908,2012,,,
47735,47735.xml,0,Retail,1500,1910,2004,,,
47873,47873.xml,0,Office,1380,1950,,,,
48148,48148.xml,0,Retail,2166,1909,2014,,,
48341,48341.xml,0,Retail,1599,1907,,,,
48970,48970.xml,0,Retail,4534,1900,2014,,,
49857,49857.xml,0,Office,1600,1921,,,,
49858,49858.xml,0,Office,2550,1948,,,,
50771,50771.xml,0,Retail,1450,1916,,,,
50798,50798.xml,0,Retail,5646,1928,2015,,,
50885,50885.xml,0,Office,16630,1906,,,,
50933,50933.xml,0,Retail,1387,1996,1997,,,
51142,51142.xml,0,Retail,1632,2006,2007,,,
51293,51293.xml,0,Office,5307,1987,2007,,,
51496,51496.xml,0,Office,2822,1967,,,,
51774,51774.xml,0,Office,417,2006,2010,,,
51803,51803.xml,0,Retail,2992,1912,,,,
52352,52352.xml,0,Retail,2855,1905,1998,,,
52449,52449.xml,0,Retail,825,1948,1995,,,
52602,52602.xml,0,Retail,4737,2001,2008,,,
52749,52749.xml,0,Retail,4176,1907,2003,,,
52782,52782.xml,0,Office,4302,1958,,,,
52914,52914.xml,0,Retail,2100,1907,2003,,,
53033,53033.xml,0,Office,7533,1907,2010,,,
53204,53204.xml,0,Retail,2305,1926,1999,,,
53206,53206.xml,0,Retail,2037,1925,2001,,,
53348,53348.xml,0,Office,5124,1907,,,,
53852,53852.xml,0,Retail,5085,1907,1998,,,
54045,54045.xml,0,Retail,1652,1915,2002,,,
54066,54066.xml,0,Retail,5055,1907,2014,,,
54399,54399.xml,0,Office,3150,1949,2006,,,
54473,54473.xml,0,Retail,3700,1927,,,,
55064,55064.xml,0,Retail,1535,1913,,,,
55072,55072.xml,0,Retail,4480,1900,1995,,,
55386,55386.xml,0,Retail,2825,1950,2012,,,
55525,55525.xml,0,Retail,2200,1909,2010,,,
56110,56110.xml,0,Retail,1620,1911,2000,,,
56199,56199.xml,0,Retail,1320,1921,2002,,,
57351,57351.xml,0,Retail,3985,1910,2006,,,
57362,57362.xml,0,Retail,1333,1930,2001,,,
57375,57375.xml,0,Retail,2500,1925,1996,,,
57433,57433.xml,0,Retail,1500,1921,1999,,,
57851,57851.xml,0,Office,3000,1913,2001,,,
57916,57916.xml,0,Retail,4641,1907,,,,
58170,58170.xml,0,Office,2840,1900,1998,,,
58796,58796.xml,0,Retail,3913,1906,,,,
58948,58948.xml,0,Retail,1712,1900,,,,
59356,59356.xml,0,Retail,1600,,2003,,,
59412,59412.xml,0,Retail,1675,1979,2000,,,
60048,60048.xml,0,Retail,1595,1915,2011,,,
60332,60332.xml,0,Retail,1467,1921,,,,
60720,60720.xml,0,Retail,4012,1907,2007,,,
60887,60887.xml,0,Retail,1359,1913,2014,,,
60940,60940.xml,0,Retail,1600,1940,1999,,,
61034,61034.xml,0,Retail,1590,1924,2008,,,
62081,62081.xml,0,Retail,1262,1932,,,,
62097,62097.xml,0,Office,6500,1912,2008,,,
62115,62115.xml,0,Retail,1800,1920,1996,,,
62377,62377.xml,0,Retail,3220,1912,2015,,,
62561,62561.xml,0,Retail,1550,1914,1997,,,
64234,64234.xml,0,Retail,1396,1909,,,,
64324,64324.xml,0,Retail,1500,1946,,,,
64424,64424.xml,0,Office,2400,1963,2014,,,
64459,64459.xml,0,Retail,1651,1941,,,,
64861,64861.xml,0,Retail,1425,1910,1997,,,
65701,65701.xml,0,Retail,1500,1947,2004,,,
65841,65841.xml,0,Retail,1400,1912,,,,
66577,66577.xml,0,Retail,3374,1922,2012,,,
67137,67137.xml,0,Office,3300,1949,2009,,,
67236,67236.xml,0,Retail,2725,1908,2003,,,
67314,67314.xml,0,Office,3483,1875,1997,,,
70453,70453.xml,0,Retail,1192,1975,,,,
70678,70678.xml,0,Office,2634,1900,2007,,,
71044,71044.xml,0,Retail,4050,1907,,,,
71251,71251.xml,0,Retail,2970,1953,2015,,,
71394,71394.xml,0,Retail,1368,1980,,,,
71538,71538.xml,0,Retail,1644,1906,,,,
72065,72065.xml,0,Retail,1640,1931,2004,,,
72241,72241.xml,0,Office,5752,1906,1999,,,
72252,72252.xml,0,Retail,4005,1906,2000,,,
72431,72431.xml,0,Office,10605,1907,2008,,,
72549,72549.xml,0,Retail,954,1975,2005,,,
72794,72794.xml,0,Retail,1850,1922,1999,,,
73172,73172.xml,0,Retail,1500,1949,2007,,,
73860,73860.xml,0,Retail,4386,1909,,,,
74165,74165.xml,0,Retail,2025,1926,,,,
74335,74335.xml,0,Retail,960,1972,2006,,,
74879,74879.xml,0,Office,4665,1921,1996,,,
75852,75852.xml,0,Office,4050,1907,2009,,,
76458,76458.xml,0,Retail,9350,1905,2000,,,
76634,76634.xml,0,Office,2750,1955,1995,,,
77768,77768.xml,0,Retail,5371,1912,,,,
78615,78615.xml,0,Retail,1200,1970,1998,,,
78745,78745.xml,0,Retail,4275,1909,1998,,,
79952,79952.xml,0,Retail,1175,1908,1995,,,
80129,80129.xml,0,Retail,1100,1911,1995,,,
80138,80138.xml,0,Retail,1974,1906,2001,,,
81577,81577.xml,0,Retail,1200,1933,,,,
81750,81750.xml,0,Office,2420,1900,1999,,,
82369,82369.xml,0,Retail,4320,1906,1996,,,
82562,82562.xml,0,Office,1250,1910,2008,,,
82863,82863.xml,0,Retail,883,1930,,,,
83397,83397.xml,0,Retail,1550,1907,,,,
84150,84150.xml,0,Retail,1340,1913,1995,,,
84184,84184.xml,0,Retail,4021,1910,,,,
84196,84196.xml,0,Retail,1232,1900,2008,,,
84219,84219.xml,0,Retail,1375,1905,,,,
84777,84777.xml,0,Office,3955,1900,2000,,,
85660,85660.xml,0,Retail,1332,1941,2010,,,
85727,85727.xml,0,Retail,1250,1933,2000,,,
85845,85845.xml,0,Retail,5060,1911,2014,,,
85899,85899.xml,0,Retail,1197,1962,2015,,,
86162,86162.xml,0,Office,2900,1919,1999,,,
86575,86575.xml,0,Retail,2824,1969,2009,,,
87536,87536.xml,0,Retail,2366,1900,,,,
87997,87997.xml,0,Office,2822,1911,2011,,,
88801,88801.xml,0,Office,1425,1922,,,,
88892,88892.xml,0,Retail,2700,1926,1995,,,
89000,89000.xml,0,Retail,2958,1922,,,,
89148,89148.xml,0,Office,2200,1985,1999,,,
89471,89471.xml,0,Retail,1175,1900,2014,,,
89659,89659.xml,0,Retail,2500,1970,,,,
91900,91900.xml,0,Office,9709,1910,1999,,,
92077,92077.xml,0,Retail,1200,1923,,,,
92196,92196.xml,0,Retail,3313,1907,2011,,,
93713,93713.xml,0,Retail,2000,1915,1996,,,
93818,93818.xml,0,Retail,4719,1908,2011,,,
93948,93948.xml,0,Retail,1333,1907,2000,,,
94625,94625.xml,0,Office,4536,1907,2013,,,
95389,95389.xml,0,Office,3400,1922,,,,
95859,95859.xml,0,Retail,1500,1939,1996,,,
96282,96282.xml,0,Retail,1088,1912,2011,,,
96450,96450.xml,0,Retail,2630,1900,,,,
98996,98996.xml,0,Retail,1188,1929,1994,,,
99017,99017.xml,0,Retail,1150,1920,,,,
99814,99814.xml,0,Retail,4800,1909,2008,,,
99913,99913.xml,0,Retail,2554,1961,2005,,,
100484,100484.xml,0,Retail,1130,1900,2007,,,
100494,100494.xml,0,Retail,2340,1920,,,,
100722,100722.xml,0,Retail,4232,1909,1997,,,
100979,100979.xml,0,Retail,830,1915,2015,,,
102702,102702.xml,0,Retail,1144,1900,2003,,,
102765,102765.xml,0,Retail,2090,1900,2011,,,
102924,102924.xml,0,Office,1920,1924,2007,,,
103651,103651.xml,0,Retail,2226,1911,2008,,,
103776,103776.xml,0,Retail,1956,1926,2015,,,
103904,103904.xml,0,Retail,1150,1908,2008,,,
104027,104027.xml,0,Office,2460,1979,,,,
104590,104590.xml,0,Office,3125,1900,,,,
104711,104711.xml,0,Retail,3925,1912,2003,,,
104998,104998.xml,0,Retail,1320,1941,1995,,,
108059,108059.xml,0,Retail,500,1997,2010,,,
108089,108089.xml,0,Retail,1248,1929,2002,,,
108492,108492.xml,0,Retail,1172,1937,1997,,,
108885,108885.xml,0,Retail,875,1890,2003,,,
109024,109024.xml,0,Retail,2346,1975,,,,
109587,109587.xml,0,Office,3300,1907,1998,,,
109840,109840.xml,0,Office,1282,1914,1997,,,
110180,110180.xml,0,Retail,1293,1911,,,,
110673,110673.xml,0,Retail,1125,1911,2013,,,
110773,110773.xml,0,Retail,1125,1900,2007,,,
110803,110803.xml,0,Retail,1200,1923,2004,,,
110923,110923.xml,0,Office,1140,1911,2000,,,
111357,111357.xml,0,Office,3025,1922,1995,,,
111399,111399.xml,0,Retail,1510,1970,,,,
112055,112055.xml,0,Retail,2160,1982,2003,,,
112408,112408.xml,0,Office,1840,1907,,,,
112615,112615.xml,0,Retail,6405,1907,2000,,,
112646,112646.xml,0,Retail,1238,1936,1997,,,
112751,112751.xml,0,Office,2378,1953,2011,,,
114780,114780.xml,0,Retail,1320,1921,2002,,,
115017,115017.xml,0,Retail,3415,1989,2014,,,
116171,116171.xml,0,Retail,1125,1900,2014,,,
116685,116685.xml,0,Office,3003,1966,1997,,,
116831,116831.xml,0,Retail,1250,1915,,,,
116924,116924.xml,0,Retail,750,1948,,,,
116944,116944.xml,0,Retail,626,1962,1997,,,
116999,116999.xml,0,Retail,2137,1923,,,,
117254,117254.xml,0,Retail,2800,1901,2000,,,
117739,117739.xml,0,Retail,3160,1910,2014,,,
117767,117767.xml,0,Office,5000,1907,1997,,,
118032,118032.xml,0,Retail,1650,1909,1994,,,
120886,120886.xml,0,Retail,1375,1907,2013,,,
122169,122169.xml,0,Office,2094,1922,,,,
122280,122280.xml,0,Office,5040,1909,2003,,,
122760,122760.xml,0,Retail,2304,1924,2007,,,
122919,122919.xml,0,Retail,1140,1908,1997,,,
124536,124536.xml,0,Retail,1125,1900,1999,,,
124839,124839.xml,0,Retail,880,1930,1997,,,
125086,125086.xml,0,Retail,1150,1900,2014,,,
126494,126494.xml,0,Retail,1838,1908,,,,
126841,126841.xml,0,Office,3290,1907,,,,
127894,127894.xml,0,Retail,962,1913,,,,
128639,128639.xml,0,Office,2750,1980,2000,,,
129237,129237.xml,0,Retail,2136,1900,,,,
131094,131094.xml,0,Retail,3242,1907,2010,,,
131264,131264.xml,0,Retail,8630,1908,2000,,,
131772,131772.xml,0,Retail,1365,1908,2011,,,
133522,133522.xml,0,Retail,2163,1913,1997,,,
134425,134425.xml,0,Office,1091,1910,2006,,,
135973,135973.xml,0,Retail,1000,1970,,,,
136487,136487.xml,0,Retail,7925,1953,1998,,,
139624,139624.xml,0,Retail,945,1948,2015,,,
139989,139989.xml,0,Retail,2515,1927,2003,,,
140853,140853.xml,0,Retail,1593,1940,1997,,,
141792,141792.xml,0,Retail,1995,1972,,,,
142647,142647.xml,0,Office,2790,1908,2012,,,
143201,143201.xml,0,Office,1600,1917,1996,,,
144041,144041.xml,0,Retail,6732,1900,,,,
144507,144507.xml,0,Retail,7925,1953,1998,,,
145357,145357.xml,0,Retail,1685,1906,1998,,,
146481,146481.xml,0,Retail,950,1916,,,,
146993,146993.xml,0,Retail,1020,1900,2003,,,
147923,147923.xml,0,Retail,880,1910,,,,
148093,148093.xml,0,Office,2040,1912,2013,,,
149085,149085.xml,0,Retail,1554,1908,2015,,,
149292,149292.xml,0,Office,1900,1900,2005,,,
149567,149567.xml,0,Office,1000,1911,,,,
153424,153424.xml,0,Office,688,1908,,,,
153478,153478.xml,0,Retail,3566,1921,2014,,,
153776,153776.xml,0,Office,2548,1908,2012,,,
154110,154110.xml,0,Retail,1375,1924,,,,
154404,154404.xml,0,Retail,870,1909,,,,
155055,155055.xml,0,Retail,732,1947,2011,,,
155297,155297.xml,0,Office,1210,1967,2015,,,
155610,155610.xml,0,Retail,2400,1910,,,,
156549,156549.xml,0,Office,3750,1907,,,,
157164,157164.xml,0,Office,2800,1907,1999,,,
157281,157281.xml,0,Office,2025,1907,,,,
158544,158544.xml,0,Office,1568,1906,2006,,,
158562,158562.xml,0,Retail,576,1947,1994,,,
158585,158585.xml,0,Retail,1650,1907,,,,
159376,159376.xml,0,Office,420,1926,2000,,,
159713,159713.xml,0,Office,520,1900,,,,
159856,159856.xml,0,Retail,1485,1907,2014,,,
160721,160721.xml,0,Retail,510,1900,2004,,,
160996,160996.xml,0,Office,800,1928,,,,
161630,161630.xml,0,Retail,440,1900,2004,,,
162439,162439.xml,0,Office,440,1982,1998,,,
162993,162993.xml,0,Retail,776,1950,2008,,,
169731,169731.xml,0,Retail,6232,1910,2014,,,
